{"credit":"Made with Blockbench","texture_size":[32,32],"textures":{"1":"zen_armas:zencraft/katana1"},"elements":[{"from":[7.375,-14.1875,7],"to":[8.1125,-13.3125,7.8],"faces":{"north":{"uv":[8,4,8.5,4.5],"texture":"#1"},"east":{"uv":[8,4.5,8.5,5],"texture":"#1"},"south":{"uv":[8,5,8.5,5.5],"texture":"#1"},"west":{"uv":[8,5.5,8.5,6],"texture":"#1"},"up":{"uv":[6.5,8.5,6,8],"texture":"#1"},"down":{"uv":[8.5,6,8,6.5],"texture":"#1"}}},{"from":[7.3125,-13.3125,6.8125],"to":[8.175,-7.5625,7.8625],"rotation":{"angle":0,"axis":"y","origin":[0,1.5,0]},"faces":{"north":{"uv":[4,5.5,4.5,8.5],"texture":"#1"},"east":{"uv":[4.5,5.5,5,8.5],"texture":"#1"},"south":{"uv":[5,5.5,5.5,8.5],"texture":"#1"},"west":{"uv":[5.5,5.5,6,8.5],"texture":"#1"},"up":{"uv":[7,8.5,6.5,8],"texture":"#1"},"down":{"uv":[8.5,6.5,8,7],"texture":"#1"}}},{"from":[7.1875,-8.25,7.0625],"to":[8.3,-7.9375,7.6125],"rotation":{"angle":0,"axis":"y","origin":[0,1.5,0]},"faces":{"north":{"uv":[7,8,7.5,8.5],"texture":"#1"},"east":{"uv":[8,7,8.5,7.5],"texture":"#1"},"south":{"uv":[7.5,8,8,8.5],"texture":"#1"},"west":{"uv":[8,7.5,8.5,8],"texture":"#1"},"up":{"uv":[8.5,8.5,8,8],"texture":"#1"},"down":{"uv":[0.5,8.5,0,9],"texture":"#1"}}},{"from":[7.375,-4,7.0625],"to":[8.1125,-3.6875,7.425],"rotation":{"angle":0,"axis":"y","origin":[0,1.5,0]},"faces":{"north":{"uv":[8.5,0,9,0.5],"texture":"#1"},"east":{"uv":[0.5,8.5,1,9],"texture":"#1"},"south":{"uv":[8.5,0.5,9,1],"texture":"#1"},"west":{"uv":[1,8.5,1.5,9],"texture":"#1"},"up":{"uv":[9,1.5,8.5,1],"texture":"#1"},"down":{"uv":[2,8.5,1.5,9],"texture":"#1"}}},{"from":[7.375,-3.25,7.0625],"to":[8.1125,-2.9375,7.425],"rotation":{"angle":0,"axis":"y","origin":[0,1.5,0]},"faces":{"north":{"uv":[8.5,1.5,9,2],"texture":"#1"},"east":{"uv":[2,8.5,2.5,9],"texture":"#1"},"south":{"uv":[8.5,2,9,2.5],"texture":"#1"},"west":{"uv":[2.5,8.5,3,9],"texture":"#1"},"up":{"uv":[9,3,8.5,2.5],"texture":"#1"},"down":{"uv":[3.5,8.5,3,9],"texture":"#1"}}},{"from":[7.375,-2.5625,7.0625],"to":[8.1125,-2.25,7.425],"rotation":{"angle":0,"axis":"y","origin":[0,1.5,0]},"faces":{"north":{"uv":[8.5,3,9,3.5],"texture":"#1"},"east":{"uv":[3.5,8.5,4,9],"texture":"#1"},"south":{"uv":[8.5,3.5,9,4],"texture":"#1"},"west":{"uv":[4,8.5,4.5,9],"texture":"#1"},"up":{"uv":[9,4.5,8.5,4],"texture":"#1"},"down":{"uv":[5,8.5,4.5,9],"texture":"#1"}}},{"from":[7.375,-1.9375,7.0625],"to":[8.1125,-1.625,7.425],"rotation":{"angle":0,"axis":"y","origin":[0,1.5,0]},"faces":{"north":{"uv":[8.5,4.5,9,5],"texture":"#1"},"east":{"uv":[5,8.5,5.5,9],"texture":"#1"},"south":{"uv":[8.5,5,9,5.5],"texture":"#1"},"west":{"uv":[5.5,8.5,6,9],"texture":"#1"},"up":{"uv":[9,6,8.5,5.5],"texture":"#1"},"down":{"uv":[6.5,8.5,6,9],"texture":"#1"}}},{"from":[7.375,-1.25,7.0625],"to":[8.1125,-0.9375,7.425],"rotation":{"angle":0,"axis":"y","origin":[0,1.5,0]},"faces":{"north":{"uv":[8.5,6,9,6.5],"texture":"#1"},"east":{"uv":[6.5,8.5,7,9],"texture":"#1"},"south":{"uv":[8.5,6.5,9,7],"texture":"#1"},"west":{"uv":[7,8.5,7.5,9],"texture":"#1"},"up":{"uv":[9,7.5,8.5,7],"texture":"#1"},"down":{"uv":[8,8.5,7.5,9],"texture":"#1"}}},{"from":[7.1875,-8.9375,7.0625],"to":[8.3,-8.625,7.6125],"rotation":{"angle":0,"axis":"y","origin":[0,1.5,0]},"faces":{"north":{"uv":[8.5,7.5,9,8],"texture":"#1"},"east":{"uv":[8,8.5,8.5,9],"texture":"#1"},"south":{"uv":[8.5,8,9,8.5],"texture":"#1"},"west":{"uv":[8.5,8.5,9,9],"texture":"#1"},"up":{"uv":[0.5,9.5,0,9],"texture":"#1"},"down":{"uv":[9.5,0,9,0.5],"texture":"#1"}}},{"from":[7.1875,-9.75,7.0625],"to":[8.3,-9.4375,7.6125],"rotation":{"angle":0,"axis":"y","origin":[0,1.5,0]},"faces":{"north":{"uv":[0.5,9,1,9.5],"texture":"#1"},"east":{"uv":[9,0.5,9.5,1],"texture":"#1"},"south":{"uv":[1,9,1.5,9.5],"texture":"#1"},"west":{"uv":[9,1,9.5,1.5],"texture":"#1"},"up":{"uv":[2,9.5,1.5,9],"texture":"#1"},"down":{"uv":[9.5,1.5,9,2],"texture":"#1"}}},{"from":[7.1875,-10.5625,7.0625],"to":[8.3,-10.25,7.6125],"rotation":{"angle":0,"axis":"y","origin":[0,1.5,0]},"faces":{"north":{"uv":[2,9,2.5,9.5],"texture":"#1"},"east":{"uv":[9,2,9.5,2.5],"texture":"#1"},"south":{"uv":[2.5,9,3,9.5],"texture":"#1"},"west":{"uv":[9,2.5,9.5,3],"texture":"#1"},"up":{"uv":[3.5,9.5,3,9],"texture":"#1"},"down":{"uv":[9.5,3,9,3.5],"texture":"#1"}}},{"from":[7.1875,-11.375,7.0625],"to":[8.3,-11.0625,7.6125],"rotation":{"angle":0,"axis":"y","origin":[0,1.5,0]},"faces":{"north":{"uv":[3.5,9,4,9.5],"texture":"#1"},"east":{"uv":[9,3.5,9.5,4],"texture":"#1"},"south":{"uv":[4,9,4.5,9.5],"texture":"#1"},"west":{"uv":[9,4,9.5,4.5],"texture":"#1"},"up":{"uv":[5,9.5,4.5,9],"texture":"#1"},"down":{"uv":[9.5,4.5,9,5],"texture":"#1"}}},{"from":[7.1875,-12.25,7.0625],"to":[8.3,-11.9375,7.6125],"rotation":{"angle":0,"axis":"y","origin":[0,1.5,0]},"faces":{"north":{"uv":[5,9,5.5,9.5],"texture":"#1"},"east":{"uv":[9,5,9.5,5.5],"texture":"#1"},"south":{"uv":[5.5,9,6,9.5],"texture":"#1"},"west":{"uv":[9,5.5,9.5,6],"texture":"#1"},"up":{"uv":[6.5,9.5,6,9],"texture":"#1"},"down":{"uv":[9.5,6,9,6.5],"texture":"#1"}}},{"from":[7.1875,-13.125,7.0625],"to":[8.3,-12.8125,7.6125],"rotation":{"angle":0,"axis":"y","origin":[0,1.5,0]},"faces":{"north":{"uv":[6.5,9,7,9.5],"texture":"#1"},"east":{"uv":[9,6.5,9.5,7],"texture":"#1"},"south":{"uv":[7,9,7.5,9.5],"texture":"#1"},"west":{"uv":[9,7,9.5,7.5],"texture":"#1"},"up":{"uv":[8,9.5,7.5,9],"texture":"#1"},"down":{"uv":[9.5,7.5,9,8],"texture":"#1"}}},{"from":[7.25,-7.5625,6.4375],"to":[8.2375,-6.8125,8.175],"rotation":{"angle":0,"axis":"y","origin":[0,1.5,0]},"faces":{"north":{"uv":[8,9,8.5,9.5],"texture":"#1"},"east":{"uv":[6,5,7,5.5],"texture":"#1"},"south":{"uv":[9,8,9.5,8.5],"texture":"#1"},"west":{"uv":[6,5.5,7,6],"texture":"#1"},"up":{"uv":[6.5,7,6,6],"texture":"#1"},"down":{"uv":[0.5,6.5,0,7.5],"texture":"#1"}}},{"from":[7.375,-7.3125,5.625],"to":[8.1125,-6.6875,6.675],"rotation":{"angle":22.5,"axis":"x","origin":[7.74375,-7.1875,6.15]},"faces":{"north":{"uv":[8.5,9,9,9.5],"texture":"#1"},"east":{"uv":[9,8.5,9.5,9],"texture":"#1"},"south":{"uv":[9,9,9.5,9.5],"texture":"#1"},"west":{"uv":[0,9.5,0.5,10],"texture":"#1"},"up":{"uv":[10,0.5,9.5,0],"texture":"#1"},"down":{"uv":[1,9.5,0.5,10],"texture":"#1"}}},{"from":[7.4375,-7.03976,4.62884],"to":[8.05,-6.60226,6.05384],"rotation":{"angle":0,"axis":"x","origin":[7.74375,-6.72726,5.52884]},"faces":{"north":{"uv":[9.5,0.5,10,1],"texture":"#1"},"east":{"uv":[1,9.5,1.5,10],"texture":"#1"},"south":{"uv":[9.5,1,10,1.5],"texture":"#1"},"west":{"uv":[1.5,9.5,2,10],"texture":"#1"},"up":{"uv":[10,2,9.5,1.5],"texture":"#1"},"down":{"uv":[2.5,9.5,2,10],"texture":"#1"}}},{"from":[7.5,-6.78976,4.12884],"to":[7.9875,-6.35226,4.86634],"rotation":{"angle":-22.5,"axis":"x","origin":[7.74375,-6.72726,5.52884]},"faces":{"north":{"uv":[9.5,2,10,2.5],"texture":"#1"},"east":{"uv":[2.5,9.5,3,10],"texture":"#1"},"south":{"uv":[9.5,2.5,10,3],"texture":"#1"},"west":{"uv":[3,9.5,3.5,10],"texture":"#1"},"up":{"uv":[10,3.5,9.5,3],"texture":"#1"},"down":{"uv":[4,9.5,3.5,10],"texture":"#1"}}},{"from":[7.4375,-6.8125,5.125],"to":[8.05,-6.5,9.2375],"rotation":{"angle":0,"axis":"y","origin":[0,1.5,0]},"faces":{"north":{"uv":[9.5,3.5,10,4],"texture":"#1"},"east":{"uv":[6,0,8,0.5],"texture":"#1"},"south":{"uv":[4,9.5,4.5,10],"texture":"#1"},"west":{"uv":[6,0.5,8,1],"texture":"#1"},"up":{"uv":[6.5,3,6,1],"texture":"#1"},"down":{"uv":[6.5,3,6,5],"texture":"#1"}}},{"from":[7.375,-7.1875,7.875],"to":[8.1125,-6.8125,8.925],"rotation":{"angle":0,"axis":"y","origin":[0,1.5,0]},"faces":{"north":{"uv":[9.5,4,10,4.5],"texture":"#1"},"east":{"uv":[4.5,9.5,5,10],"texture":"#1"},"south":{"uv":[9.5,4.5,10,5],"texture":"#1"},"west":{"uv":[5,9.5,5.5,10],"texture":"#1"},"up":{"uv":[10,5.5,9.5,5],"texture":"#1"},"down":{"uv":[6,9.5,5.5,10],"texture":"#1"}}},{"from":[7.5625,-7.875,8.3125],"to":[7.925,-7.1875,8.675],"rotation":{"angle":0,"axis":"y","origin":[0,1.5,0]},"faces":{"north":{"uv":[9.5,5.5,10,6],"texture":"#1"},"east":{"uv":[6,9.5,6.5,10],"texture":"#1"},"south":{"uv":[9.5,6,10,6.5],"texture":"#1"},"west":{"uv":[6.5,9.5,7,10],"texture":"#1"},"up":{"uv":[10,7,9.5,6.5],"texture":"#1"},"down":{"uv":[7.5,9.5,7,10],"texture":"#1"}}},{"from":[7.625,-8.5625,8.375],"to":[7.8625,-7.875,8.6125],"rotation":{"angle":0,"axis":"y","origin":[0,1.5,0]},"faces":{"north":{"uv":[9.5,7,10,7.5],"texture":"#1"},"east":{"uv":[7.5,9.5,8,10],"texture":"#1"},"south":{"uv":[9.5,7.5,10,8],"texture":"#1"},"west":{"uv":[8,9.5,8.5,10],"texture":"#1"},"up":{"uv":[10,8.5,9.5,8],"texture":"#1"},"down":{"uv":[9,9.5,8.5,10],"texture":"#1"}}},{"from":[7.5,-6.5,6.875],"to":[7.9875,6.4375,7.675],"rotation":{"angle":0,"axis":"y","origin":[7.74375,12.1875,6.74375]},"faces":{"north":{"uv":[0,0,0.5,6.5],"texture":"#1"},"east":{"uv":[0.5,0,1,6.5],"texture":"#1"},"south":{"uv":[1,0,1.5,6.5],"texture":"#1"},"west":{"uv":[1.5,0,2,6.5],"texture":"#1"},"up":{"uv":[10,9,9.5,8.5],"texture":"#1"},"down":{"uv":[9.5,9.5,9,10],"texture":"#1"}}},{"from":[7.5,6.4375,6.9375],"to":[7.9875,8.4375,7.7375],"rotation":{"angle":0,"axis":"y","origin":[7.74375,12.1875,6.74375]},"faces":{"north":{"uv":[0.5,6.5,1,7.5],"texture":"#1"},"east":{"uv":[1,6.5,1.5,7.5],"texture":"#1"},"south":{"uv":[6.5,1,7,2],"texture":"#1"},"west":{"uv":[1.5,6.5,2,7.5],"texture":"#1"},"up":{"uv":[10,9.5,9.5,9],"texture":"#1"},"down":{"uv":[10,9.5,9.5,10],"texture":"#1"}}},{"from":[7.5,8.4375,7],"to":[7.9875,10.25,7.8],"rotation":{"angle":0,"axis":"y","origin":[7.74375,12.1875,6.74375]},"faces":{"north":{"uv":[2,6.5,2.5,7.5],"texture":"#1"},"east":{"uv":[6.5,2,7,3],"texture":"#1"},"south":{"uv":[2.5,6.5,3,7.5],"texture":"#1"},"west":{"uv":[3,6.5,3.5,7.5],"texture":"#1"},"up":{"uv":[0.5,10.5,0,10],"texture":"#1"},"down":{"uv":[10.5,0,10,0.5],"texture":"#1"}}},{"from":[7.5,10.25,7.0625],"to":[7.9875,11.625,7.8625],"rotation":{"angle":0,"axis":"y","origin":[7.74375,12.1875,6.74375]},"faces":{"north":{"uv":[0.5,10,1,10.5],"texture":"#1"},"east":{"uv":[10,0.5,10.5,1],"texture":"#1"},"south":{"uv":[1,10,1.5,10.5],"texture":"#1"},"west":{"uv":[10,1,10.5,1.5],"texture":"#1"},"up":{"uv":[2,10.5,1.5,10],"texture":"#1"},"down":{"uv":[10.5,1.5,10,2],"texture":"#1"}}},{"from":[7.625,-6.5,6.625],"to":[7.8625,6.4375,6.925],"rotation":{"angle":0,"axis":"y","origin":[7.74375,12.1875,6.74375]},"faces":{"north":{"uv":[2,0,2.5,6.5],"texture":"#1"},"east":{"uv":[2.5,0,3,6.5],"texture":"#1"},"south":{"uv":[3,0,3.5,6.5],"texture":"#1"},"west":{"uv":[3.5,0,4,6.5],"texture":"#1"},"up":{"uv":[2.5,10.5,2,10],"texture":"#1"},"down":{"uv":[10.5,2,10,2.5],"texture":"#1"}}},{"from":[7.625,6.4375,6.6875],"to":[7.8625,8.4375,6.9875],"rotation":{"angle":0,"axis":"y","origin":[7.74375,12.1875,6.74375]},"faces":{"north":{"uv":[6.5,3,7,4],"texture":"#1"},"east":{"uv":[3.5,6.5,4,7.5],"texture":"#1"},"south":{"uv":[6.5,4,7,5],"texture":"#1"},"west":{"uv":[6.5,6,7,7],"texture":"#1"},"up":{"uv":[3,10.5,2.5,10],"texture":"#1"},"down":{"uv":[10.5,2.5,10,3],"texture":"#1"}}},{"from":[7.625,8.4375,6.75],"to":[7.8625,10.25,7.05],"rotation":{"angle":0,"axis":"y","origin":[7.74375,12.1875,6.74375]},"faces":{"north":{"uv":[7,1,7.5,2],"texture":"#1"},"east":{"uv":[7,2,7.5,3],"texture":"#1"},"south":{"uv":[7,3,7.5,4],"texture":"#1"},"west":{"uv":[7,4,7.5,5],"texture":"#1"},"up":{"uv":[3.5,10.5,3,10],"texture":"#1"},"down":{"uv":[10.5,3,10,3.5],"texture":"#1"}}},{"from":[7.625,10.25,6.8125],"to":[7.8625,11.625,7.1125],"rotation":{"angle":0,"axis":"y","origin":[7.74375,12.1875,6.74375]},"faces":{"north":{"uv":[3.5,10,4,10.5],"texture":"#1"},"east":{"uv":[10,3.5,10.5,4],"texture":"#1"},"south":{"uv":[4,10,4.5,10.5],"texture":"#1"},"west":{"uv":[10,4,10.5,4.5],"texture":"#1"},"up":{"uv":[5,10.5,4.5,10],"texture":"#1"},"down":{"uv":[10.5,4.5,10,5],"texture":"#1"}}},{"from":[7.4375,-6.5,7.25],"to":[8.05,-6.1875,8.55],"rotation":{"angle":0,"axis":"y","origin":[0,1.5,0]},"faces":{"north":{"uv":[5,10,5.5,10.5],"texture":"#1"},"east":{"uv":[10,5,10.5,5.5],"texture":"#1"},"south":{"uv":[5.5,10,6,10.5],"texture":"#1"},"west":{"uv":[10,5.5,10.5,6],"texture":"#1"},"up":{"uv":[6.5,10.5,6,10],"texture":"#1"},"down":{"uv":[10.5,6,10,6.5],"texture":"#1"}}},{"from":[7.5,-4.3125,8.25],"to":[7.875,-4.075,8.75],"rotation":{"angle":0,"axis":"y","origin":[0,1.5,0]},"faces":{"north":{"uv":[6.5,10,7,10.5],"texture":"#1"},"east":{"uv":[10,6.5,10.5,7],"texture":"#1"},"south":{"uv":[7,10,7.5,10.5],"texture":"#1"},"west":{"uv":[10,7,10.5,7.5],"texture":"#1"},"up":{"uv":[8,10.5,7.5,10],"texture":"#1"},"down":{"uv":[10.5,7.5,10,8],"texture":"#1"}}},{"from":[7.5,-3.3125,8.25],"to":[7.875,-3.075,8.75],"rotation":{"angle":0,"axis":"y","origin":[0,1.5,0]},"faces":{"north":{"uv":[8,10,8.5,10.5],"texture":"#1"},"east":{"uv":[10,8,10.5,8.5],"texture":"#1"},"south":{"uv":[8.5,10,9,10.5],"texture":"#1"},"west":{"uv":[10,8.5,10.5,9],"texture":"#1"},"up":{"uv":[9.5,10.5,9,10],"texture":"#1"},"down":{"uv":[10.5,9,10,9.5],"texture":"#1"}}},{"from":[7.5,-4.1875,8.75],"to":[7.875,-3.2,9],"rotation":{"angle":0,"axis":"y","origin":[0,1.5,0]},"faces":{"north":{"uv":[9.5,10,10,10.5],"texture":"#1"},"east":{"uv":[10,9.5,10.5,10],"texture":"#1"},"south":{"uv":[10,10,10.5,10.5],"texture":"#1"},"west":{"uv":[0,10.5,0.5,11],"texture":"#1"},"up":{"uv":[11,0.5,10.5,0],"texture":"#1"},"down":{"uv":[1,10.5,0.5,11],"texture":"#1"}}},{"from":[7.5,-4.1875,8],"to":[7.875,-3.2,8.25],"rotation":{"angle":0,"axis":"y","origin":[0,1.5,0]},"faces":{"north":{"uv":[10.5,0.5,11,1],"texture":"#1"},"east":{"uv":[1,10.5,1.5,11],"texture":"#1"},"south":{"uv":[10.5,1,11,1.5],"texture":"#1"},"west":{"uv":[1.5,10.5,2,11],"texture":"#1"},"up":{"uv":[11,2,10.5,1.5],"texture":"#1"},"down":{"uv":[2.5,10.5,2,11],"texture":"#1"}}},{"from":[7.5,-2.875,8.25],"to":[7.875,-2.6375,8.75],"rotation":{"angle":0,"axis":"y","origin":[0,1.5,0]},"faces":{"north":{"uv":[10.5,2,11,2.5],"texture":"#1"},"east":{"uv":[2.5,10.5,3,11],"texture":"#1"},"south":{"uv":[10.5,2.5,11,3],"texture":"#1"},"west":{"uv":[3,10.5,3.5,11],"texture":"#1"},"up":{"uv":[11,3.5,10.5,3],"texture":"#1"},"down":{"uv":[4,10.5,3.5,11],"texture":"#1"}}},{"from":[7.5,-2.75,8.75],"to":[7.875,-1.7625,9],"rotation":{"angle":0,"axis":"y","origin":[0,1.5,0]},"faces":{"north":{"uv":[10.5,3.5,11,4],"texture":"#1"},"east":{"uv":[4,10.5,4.5,11],"texture":"#1"},"south":{"uv":[10.5,4,11,4.5],"texture":"#1"},"west":{"uv":[4.5,10.5,5,11],"texture":"#1"},"up":{"uv":[11,5,10.5,4.5],"texture":"#1"},"down":{"uv":[5.5,10.5,5,11],"texture":"#1"}}},{"from":[7.5,-1.875,8.25],"to":[7.875,-1.6375,8.75],"rotation":{"angle":0,"axis":"y","origin":[0,1.5,0]},"faces":{"north":{"uv":[10.5,5,11,5.5],"texture":"#1"},"east":{"uv":[5.5,10.5,6,11],"texture":"#1"},"south":{"uv":[10.5,5.5,11,6],"texture":"#1"},"west":{"uv":[6,10.5,6.5,11],"texture":"#1"},"up":{"uv":[11,6.5,10.5,6],"texture":"#1"},"down":{"uv":[7,10.5,6.5,11],"texture":"#1"}}},{"from":[7.5,-2.75,8],"to":[7.875,-1.7625,8.25],"rotation":{"angle":0,"axis":"y","origin":[0,1.5,0]},"faces":{"north":{"uv":[10.5,6.5,11,7],"texture":"#1"},"east":{"uv":[7,10.5,7.5,11],"texture":"#1"},"south":{"uv":[10.5,7,11,7.5],"texture":"#1"},"west":{"uv":[7.5,10.5,8,11],"texture":"#1"},"up":{"uv":[11,8,10.5,7.5],"texture":"#1"},"down":{"uv":[8.5,10.5,8,11],"texture":"#1"}}},{"from":[7.5,-1.5,8.25],"to":[7.875,-1.2625,8.75],"rotation":{"angle":0,"axis":"y","origin":[0,1.5,0]},"faces":{"north":{"uv":[10.5,8,11,8.5],"texture":"#1"},"east":{"uv":[8.5,10.5,9,11],"texture":"#1"},"south":{"uv":[10.5,8.5,11,9],"texture":"#1"},"west":{"uv":[9,10.5,9.5,11],"texture":"#1"},"up":{"uv":[11,9.5,10.5,9],"texture":"#1"},"down":{"uv":[10,10.5,9.5,11],"texture":"#1"}}},{"from":[7.5,-1.375,8.75],"to":[7.875,-0.3875,9],"rotation":{"angle":0,"axis":"y","origin":[0,1.5,0]},"faces":{"north":{"uv":[10.5,9.5,11,10],"texture":"#1"},"east":{"uv":[10,10.5,10.5,11],"texture":"#1"},"south":{"uv":[10.5,10,11,10.5],"texture":"#1"},"west":{"uv":[10.5,10.5,11,11],"texture":"#1"},"up":{"uv":[0.5,11.5,0,11],"texture":"#1"},"down":{"uv":[11.5,0,11,0.5],"texture":"#1"}}},{"from":[7.5,-0.5,8.25],"to":[7.875,-0.2625,8.75],"rotation":{"angle":0,"axis":"y","origin":[0,1.5,0]},"faces":{"north":{"uv":[0.5,11,1,11.5],"texture":"#1"},"east":{"uv":[11,0.5,11.5,1],"texture":"#1"},"south":{"uv":[1,11,1.5,11.5],"texture":"#1"},"west":{"uv":[11,1,11.5,1.5],"texture":"#1"},"up":{"uv":[2,11.5,1.5,11],"texture":"#1"},"down":{"uv":[11.5,1.5,11,2],"texture":"#1"}}},{"from":[7.5,-1.375,8],"to":[7.875,-0.3875,8.25],"rotation":{"angle":0,"axis":"y","origin":[0,1.5,0]},"faces":{"north":{"uv":[2,11,2.5,11.5],"texture":"#1"},"east":{"uv":[11,2,11.5,2.5],"texture":"#1"},"south":{"uv":[2.5,11,3,11.5],"texture":"#1"},"west":{"uv":[11,2.5,11.5,3],"texture":"#1"},"up":{"uv":[3.5,11.5,3,11],"texture":"#1"},"down":{"uv":[11.5,3,11,3.5],"texture":"#1"}}},{"from":[7.4375,-6.1875,7.4375],"to":[8.05,-5.875,8.425],"rotation":{"angle":0,"axis":"y","origin":[0,1.5,0]},"faces":{"north":{"uv":[3.5,11,4,11.5],"texture":"#1"},"east":{"uv":[11,3.5,11.5,4],"texture":"#1"},"south":{"uv":[4,11,4.5,11.5],"texture":"#1"},"west":{"uv":[11,4,11.5,4.5],"texture":"#1"},"up":{"uv":[5,11.5,4.5,11],"texture":"#1"},"down":{"uv":[11.5,4.5,11,5],"texture":"#1"}}},{"from":[7.4375,-5.875,7.4375],"to":[8.05,-5.5625,8.3625],"rotation":{"angle":0,"axis":"y","origin":[0,1.5,0]},"faces":{"north":{"uv":[5,11,5.5,11.5],"texture":"#1"},"east":{"uv":[11,5,11.5,5.5],"texture":"#1"},"south":{"uv":[5.5,11,6,11.5],"texture":"#1"},"west":{"uv":[11,5.5,11.5,6],"texture":"#1"},"up":{"uv":[6.5,11.5,6,11],"texture":"#1"},"down":{"uv":[11.5,6,11,6.5],"texture":"#1"}}},{"from":[7.4375,-5.5625,7.375],"to":[8.05,-4.3125,8.05],"rotation":{"angle":0,"axis":"y","origin":[0,1.5,0]},"faces":{"north":{"uv":[6.5,11,7,11.5],"texture":"#1"},"east":{"uv":[11,6.5,11.5,7],"texture":"#1"},"south":{"uv":[7,11,7.5,11.5],"texture":"#1"},"west":{"uv":[11,7,11.5,7.5],"texture":"#1"},"up":{"uv":[8,11.5,7.5,11],"texture":"#1"},"down":{"uv":[11.5,7.5,11,8],"texture":"#1"}}},{"from":[7.4375,-4.375,7.625],"to":[8.05,6.4375,7.8625],"rotation":{"angle":0,"axis":"y","origin":[0,1.5,0]},"faces":{"north":{"uv":[4,0,4.5,5.5],"texture":"#1"},"east":{"uv":[4.5,0,5,5.5],"texture":"#1"},"south":{"uv":[5,0,5.5,5.5],"texture":"#1"},"west":{"uv":[5.5,0,6,5.5],"texture":"#1"},"up":{"uv":[8.5,11.5,8,11],"texture":"#1"},"down":{"uv":[11.5,8,11,8.5],"texture":"#1"}}},{"from":[7.4375,6.4375,7.6875],"to":[8.05,8.4375,7.925],"rotation":{"angle":0,"axis":"y","origin":[0,1.5,0]},"faces":{"north":{"uv":[7,5,7.5,6],"texture":"#1"},"east":{"uv":[6,7,6.5,8],"texture":"#1"},"south":{"uv":[7,6,7.5,7],"texture":"#1"},"west":{"uv":[6.5,7,7,8],"texture":"#1"},"up":{"uv":[9,11.5,8.5,11],"texture":"#1"},"down":{"uv":[11.5,8.5,11,9],"texture":"#1"}}},{"from":[7.4375,8.4375,7.75],"to":[8.05,10.25,7.9875],"rotation":{"angle":0,"axis":"y","origin":[0,1.5,0]},"faces":{"north":{"uv":[7,7,7.5,8],"texture":"#1"},"east":{"uv":[0,7.5,0.5,8.5],"texture":"#1"},"south":{"uv":[0.5,7.5,1,8.5],"texture":"#1"},"west":{"uv":[1,7.5,1.5,8.5],"texture":"#1"},"up":{"uv":[9.5,11.5,9,11],"texture":"#1"},"down":{"uv":[11.5,9,11,9.5],"texture":"#1"}}},{"from":[7.4375,10.25,7.8125],"to":[8.05,11.625,8.05],"rotation":{"angle":0,"axis":"y","origin":[0,1.5,0]},"faces":{"north":{"uv":[9.5,11,10,11.5],"texture":"#1"},"east":{"uv":[11,9.5,11.5,10],"texture":"#1"},"south":{"uv":[10,11,10.5,11.5],"texture":"#1"},"west":{"uv":[11,10,11.5,10.5],"texture":"#1"},"up":{"uv":[11,11.5,10.5,11],"texture":"#1"},"down":{"uv":[11.5,10.5,11,11],"texture":"#1"}}},{"from":[7.4375,11.625,7.875],"to":[8.05,12.875,8.1125],"rotation":{"angle":0,"axis":"y","origin":[0,1.5,0]},"faces":{"north":{"uv":[11,11,11.5,11.5],"texture":"#1"},"east":{"uv":[0,11.5,0.5,12],"texture":"#1"},"south":{"uv":[11.5,0,12,0.5],"texture":"#1"},"west":{"uv":[0.5,11.5,1,12],"texture":"#1"},"up":{"uv":[12,1,11.5,0.5],"texture":"#1"},"down":{"uv":[1.5,11.5,1,12],"texture":"#1"}}},{"from":[7.625,11.625,6.875],"to":[7.8625,12.875,7.175],"rotation":{"angle":0,"axis":"y","origin":[7.74375,12.1875,6.74375]},"faces":{"north":{"uv":[11.5,1,12,1.5],"texture":"#1"},"east":{"uv":[1.5,11.5,2,12],"texture":"#1"},"south":{"uv":[11.5,1.5,12,2],"texture":"#1"},"west":{"uv":[2,11.5,2.5,12],"texture":"#1"},"up":{"uv":[12,2.5,11.5,2],"texture":"#1"},"down":{"uv":[3,11.5,2.5,12],"texture":"#1"}}},{"from":[7.5,11.625,7.125],"to":[7.9875,12.875,7.925],"rotation":{"angle":0,"axis":"y","origin":[7.74375,12.1875,6.74375]},"faces":{"north":{"uv":[11.5,2.5,12,3],"texture":"#1"},"east":{"uv":[3,11.5,3.5,12],"texture":"#1"},"south":{"uv":[11.5,3,12,3.5],"texture":"#1"},"west":{"uv":[3.5,11.5,4,12],"texture":"#1"},"up":{"uv":[12,4,11.5,3.5],"texture":"#1"},"down":{"uv":[4.5,11.5,4,12],"texture":"#1"}}},{"from":[7.4375,12.875,7.9375],"to":[8.05,13.9375,8.175],"rotation":{"angle":0,"axis":"y","origin":[0,1.5,0]},"faces":{"north":{"uv":[11.5,4,12,4.5],"texture":"#1"},"east":{"uv":[4.5,11.5,5,12],"texture":"#1"},"south":{"uv":[11.5,4.5,12,5],"texture":"#1"},"west":{"uv":[5,11.5,5.5,12],"texture":"#1"},"up":{"uv":[12,5.5,11.5,5],"texture":"#1"},"down":{"uv":[6,11.5,5.5,12],"texture":"#1"}}},{"from":[7.625,12.875,6.9375],"to":[7.8625,13.9375,7.2375],"rotation":{"angle":0,"axis":"y","origin":[7.74375,12.1875,6.74375]},"faces":{"north":{"uv":[11.5,5.5,12,6],"texture":"#1"},"east":{"uv":[6,11.5,6.5,12],"texture":"#1"},"south":{"uv":[11.5,6,12,6.5],"texture":"#1"},"west":{"uv":[6.5,11.5,7,12],"texture":"#1"},"up":{"uv":[12,7,11.5,6.5],"texture":"#1"},"down":{"uv":[7.5,11.5,7,12],"texture":"#1"}}},{"from":[7.5,12.875,7.1875],"to":[7.9875,13.9375,7.9875],"rotation":{"angle":0,"axis":"y","origin":[7.74375,12.1875,6.74375]},"faces":{"north":{"uv":[11.5,7,12,7.5],"texture":"#1"},"east":{"uv":[7.5,11.5,8,12],"texture":"#1"},"south":{"uv":[11.5,7.5,12,8],"texture":"#1"},"west":{"uv":[8,11.5,8.5,12],"texture":"#1"},"up":{"uv":[12,8.5,11.5,8],"texture":"#1"},"down":{"uv":[9,11.5,8.5,12],"texture":"#1"}}},{"from":[7.4375,13.9375,8],"to":[8.05,14.875,8.2375],"rotation":{"angle":0,"axis":"y","origin":[0,1.5,0]},"faces":{"north":{"uv":[11.5,8.5,12,9],"texture":"#1"},"east":{"uv":[9,11.5,9.5,12],"texture":"#1"},"south":{"uv":[11.5,9,12,9.5],"texture":"#1"},"west":{"uv":[9.5,11.5,10,12],"texture":"#1"},"up":{"uv":[12,10,11.5,9.5],"texture":"#1"},"down":{"uv":[10.5,11.5,10,12],"texture":"#1"}}},{"from":[7.625,13.9375,7],"to":[7.8625,14.875,7.3],"rotation":{"angle":0,"axis":"y","origin":[7.74375,12.1875,6.74375]},"faces":{"north":{"uv":[11.5,10,12,10.5],"texture":"#1"},"east":{"uv":[10.5,11.5,11,12],"texture":"#1"},"south":{"uv":[11.5,10.5,12,11],"texture":"#1"},"west":{"uv":[11,11.5,11.5,12],"texture":"#1"},"up":{"uv":[12,11.5,11.5,11],"texture":"#1"},"down":{"uv":[12,11.5,11.5,12],"texture":"#1"}}},{"from":[7.5,13.9375,7.25],"to":[7.9875,14.875,8.05],"rotation":{"angle":0,"axis":"y","origin":[7.74375,12.1875,6.74375]},"faces":{"north":{"uv":[0,12,0.5,12.5],"texture":"#1"},"east":{"uv":[12,0,12.5,0.5],"texture":"#1"},"south":{"uv":[0.5,12,1,12.5],"texture":"#1"},"west":{"uv":[12,0.5,12.5,1],"texture":"#1"},"up":{"uv":[1.5,12.5,1,12],"texture":"#1"},"down":{"uv":[12.5,1,12,1.5],"texture":"#1"}}},{"from":[7.4375,14.875,8.0625],"to":[8.05,15.6875,8.3],"rotation":{"angle":0,"axis":"y","origin":[0,1.5,0]},"faces":{"north":{"uv":[1.5,12,2,12.5],"texture":"#1"},"east":{"uv":[12,1.5,12.5,2],"texture":"#1"},"south":{"uv":[2,12,2.5,12.5],"texture":"#1"},"west":{"uv":[12,2,12.5,2.5],"texture":"#1"},"up":{"uv":[3,12.5,2.5,12],"texture":"#1"},"down":{"uv":[12.5,2.5,12,3],"texture":"#1"}}},{"from":[7.5,14.875,7.3125],"to":[7.9875,15.6875,8.1125],"rotation":{"angle":0,"axis":"y","origin":[7.74375,12.1875,6.74375]},"faces":{"north":{"uv":[3,12,3.5,12.5],"texture":"#1"},"east":{"uv":[12,3,12.5,3.5],"texture":"#1"},"south":{"uv":[3.5,12,4,12.5],"texture":"#1"},"west":{"uv":[12,3.5,12.5,4],"texture":"#1"},"up":{"uv":[4.5,12.5,4,12],"texture":"#1"},"down":{"uv":[12.5,4,12,4.5],"texture":"#1"}}},{"from":[7.625,14.875,7.0625],"to":[7.8625,15.6875,7.3625],"rotation":{"angle":0,"axis":"y","origin":[7.74375,12.1875,6.74375]},"faces":{"north":{"uv":[4.5,12,5,12.5],"texture":"#1"},"east":{"uv":[12,4.5,12.5,5],"texture":"#1"},"south":{"uv":[5,12,5.5,12.5],"texture":"#1"},"west":{"uv":[12,5,12.5,5.5],"texture":"#1"},"up":{"uv":[6,12.5,5.5,12],"texture":"#1"},"down":{"uv":[12.5,5.5,12,6],"texture":"#1"}}},{"from":[7.4375,15.6875,8.125],"to":[8.05,16.5,8.3625],"rotation":{"angle":0,"axis":"y","origin":[0,1.5,0]},"faces":{"north":{"uv":[6,12,6.5,12.5],"texture":"#1"},"east":{"uv":[12,6,12.5,6.5],"texture":"#1"},"south":{"uv":[6.5,12,7,12.5],"texture":"#1"},"west":{"uv":[12,6.5,12.5,7],"texture":"#1"},"up":{"uv":[7.5,12.5,7,12],"texture":"#1"},"down":{"uv":[12.5,7,12,7.5],"texture":"#1"}}},{"from":[7.5,15.6875,7.375],"to":[7.9875,16.5,8.175],"rotation":{"angle":0,"axis":"y","origin":[7.74375,12.1875,6.74375]},"faces":{"north":{"uv":[7.5,12,8,12.5],"texture":"#1"},"east":{"uv":[12,7.5,12.5,8],"texture":"#1"},"south":{"uv":[8,12,8.5,12.5],"texture":"#1"},"west":{"uv":[12,8,12.5,8.5],"texture":"#1"},"up":{"uv":[9,12.5,8.5,12],"texture":"#1"},"down":{"uv":[12.5,8.5,12,9],"texture":"#1"}}},{"from":[7.625,15.6875,7.125],"to":[7.8625,16.5,7.425],"rotation":{"angle":0,"axis":"y","origin":[7.74375,12.1875,6.74375]},"faces":{"north":{"uv":[9,12,9.5,12.5],"texture":"#1"},"east":{"uv":[12,9,12.5,9.5],"texture":"#1"},"south":{"uv":[9.5,12,10,12.5],"texture":"#1"},"west":{"uv":[12,9.5,12.5,10],"texture":"#1"},"up":{"uv":[10.5,12.5,10,12],"texture":"#1"},"down":{"uv":[12.5,10,12,10.5],"texture":"#1"}}},{"from":[7.4375,16.5,8.1875],"to":[8.05,17.3125,8.425],"rotation":{"angle":0,"axis":"y","origin":[0,1.5,0]},"faces":{"north":{"uv":[10.5,12,11,12.5],"texture":"#1"},"east":{"uv":[12,10.5,12.5,11],"texture":"#1"},"south":{"uv":[11,12,11.5,12.5],"texture":"#1"},"west":{"uv":[12,11,12.5,11.5],"texture":"#1"},"up":{"uv":[12,12.5,11.5,12],"texture":"#1"},"down":{"uv":[12.5,11.5,12,12],"texture":"#1"}}},{"from":[7.5,16.5,7.4375],"to":[7.9875,17.3125,8.2375],"rotation":{"angle":0,"axis":"y","origin":[7.74375,12.1875,6.74375]},"faces":{"north":{"uv":[12,12,12.5,12.5],"texture":"#1"},"east":{"uv":[0,12.5,0.5,13],"texture":"#1"},"south":{"uv":[12.5,0,13,0.5],"texture":"#1"},"west":{"uv":[0.5,12.5,1,13],"texture":"#1"},"up":{"uv":[13,1,12.5,0.5],"texture":"#1"},"down":{"uv":[1.5,12.5,1,13],"texture":"#1"}}},{"from":[7.625,16.5,7.1875],"to":[7.8625,17.3125,7.4875],"rotation":{"angle":0,"axis":"y","origin":[7.74375,12.1875,6.74375]},"faces":{"north":{"uv":[12.5,1,13,1.5],"texture":"#1"},"east":{"uv":[1.5,12.5,2,13],"texture":"#1"},"south":{"uv":[12.5,1.5,13,2],"texture":"#1"},"west":{"uv":[2,12.5,2.5,13],"texture":"#1"},"up":{"uv":[13,2.5,12.5,2],"texture":"#1"},"down":{"uv":[3,12.5,2.5,13],"texture":"#1"}}},{"from":[7.4375,17.3125,8.25],"to":[8.05,18.125,8.4875],"rotation":{"angle":0,"axis":"y","origin":[0,1.5,0]},"faces":{"north":{"uv":[12.5,2.5,13,3],"texture":"#1"},"east":{"uv":[3,12.5,3.5,13],"texture":"#1"},"south":{"uv":[12.5,3,13,3.5],"texture":"#1"},"west":{"uv":[3.5,12.5,4,13],"texture":"#1"},"up":{"uv":[13,4,12.5,3.5],"texture":"#1"},"down":{"uv":[4.5,12.5,4,13],"texture":"#1"}}},{"from":[7.5,17.3125,7.5],"to":[7.9875,18.125,8.3],"rotation":{"angle":0,"axis":"y","origin":[7.74375,12.1875,6.74375]},"faces":{"north":{"uv":[12.5,4,13,4.5],"texture":"#1"},"east":{"uv":[4.5,12.5,5,13],"texture":"#1"},"south":{"uv":[12.5,4.5,13,5],"texture":"#1"},"west":{"uv":[5,12.5,5.5,13],"texture":"#1"},"up":{"uv":[13,5.5,12.5,5],"texture":"#1"},"down":{"uv":[6,12.5,5.5,13],"texture":"#1"}}},{"from":[7.625,17.3125,7.25],"to":[7.8625,18.125,7.55],"rotation":{"angle":0,"axis":"y","origin":[7.74375,12.1875,6.74375]},"faces":{"north":{"uv":[12.5,5.5,13,6],"texture":"#1"},"east":{"uv":[6,12.5,6.5,13],"texture":"#1"},"south":{"uv":[12.5,6,13,6.5],"texture":"#1"},"west":{"uv":[6.5,12.5,7,13],"texture":"#1"},"up":{"uv":[13,7,12.5,6.5],"texture":"#1"},"down":{"uv":[7.5,12.5,7,13],"texture":"#1"}}},{"from":[7.4375,18.125,8.3125],"to":[8.05,18.9375,8.55],"rotation":{"angle":0,"axis":"y","origin":[0,1.5,0]},"faces":{"north":{"uv":[12.5,7,13,7.5],"texture":"#1"},"east":{"uv":[7.5,12.5,8,13],"texture":"#1"},"south":{"uv":[12.5,7.5,13,8],"texture":"#1"},"west":{"uv":[8,12.5,8.5,13],"texture":"#1"},"up":{"uv":[13,8.5,12.5,8],"texture":"#1"},"down":{"uv":[9,12.5,8.5,13],"texture":"#1"}}},{"from":[7.5,18.125,7.5625],"to":[7.9875,18.9375,8.3625],"rotation":{"angle":0,"axis":"y","origin":[7.74375,12.1875,6.74375]},"faces":{"north":{"uv":[12.5,8.5,13,9],"texture":"#1"},"east":{"uv":[9,12.5,9.5,13],"texture":"#1"},"south":{"uv":[12.5,9,13,9.5],"texture":"#1"},"west":{"uv":[9.5,12.5,10,13],"texture":"#1"},"up":{"uv":[13,10,12.5,9.5],"texture":"#1"},"down":{"uv":[10.5,12.5,10,13],"texture":"#1"}}},{"from":[7.625,18.125,7.3125],"to":[7.8625,18.9375,7.6125],"rotation":{"angle":0,"axis":"y","origin":[7.74375,12.1875,6.74375]},"faces":{"north":{"uv":[12.5,10,13,10.5],"texture":"#1"},"east":{"uv":[10.5,12.5,11,13],"texture":"#1"},"south":{"uv":[12.5,10.5,13,11],"texture":"#1"},"west":{"uv":[11,12.5,11.5,13],"texture":"#1"},"up":{"uv":[13,11.5,12.5,11],"texture":"#1"},"down":{"uv":[12,12.5,11.5,13],"texture":"#1"}}},{"from":[7.4375,18.9375,8.375],"to":[8.05,19.75,8.6125],"rotation":{"angle":0,"axis":"y","origin":[0,1.5,0]},"faces":{"north":{"uv":[12.5,11.5,13,12],"texture":"#1"},"east":{"uv":[12,12.5,12.5,13],"texture":"#1"},"south":{"uv":[12.5,12,13,12.5],"texture":"#1"},"west":{"uv":[12.5,12.5,13,13],"texture":"#1"},"up":{"uv":[0.5,13.5,0,13],"texture":"#1"},"down":{"uv":[13.5,0,13,0.5],"texture":"#1"}}},{"from":[7.5,18.9375,7.625],"to":[7.9875,19.75,8.425],"rotation":{"angle":0,"axis":"y","origin":[7.74375,12.1875,6.74375]},"faces":{"north":{"uv":[0.5,13,1,13.5],"texture":"#1"},"east":{"uv":[13,0.5,13.5,1],"texture":"#1"},"south":{"uv":[1,13,1.5,13.5],"texture":"#1"},"west":{"uv":[13,1,13.5,1.5],"texture":"#1"},"up":{"uv":[2,13.5,1.5,13],"texture":"#1"},"down":{"uv":[13.5,1.5,13,2],"texture":"#1"}}},{"from":[7.625,18.9375,7.375],"to":[7.8625,19.75,7.675],"rotation":{"angle":0,"axis":"y","origin":[7.74375,12.1875,6.74375]},"faces":{"north":{"uv":[2,13,2.5,13.5],"texture":"#1"},"east":{"uv":[13,2,13.5,2.5],"texture":"#1"},"south":{"uv":[2.5,13,3,13.5],"texture":"#1"},"west":{"uv":[13,2.5,13.5,3],"texture":"#1"},"up":{"uv":[3.5,13.5,3,13],"texture":"#1"},"down":{"uv":[13.5,3,13,3.5],"texture":"#1"}}},{"from":[7.4375,19.75,8.4375],"to":[8.05,21.6875,8.675],"rotation":{"angle":0,"axis":"y","origin":[0,1.5,0]},"faces":{"north":{"uv":[7.5,1,8,2],"texture":"#1"},"east":{"uv":[1.5,7.5,2,8.5],"texture":"#1"},"south":{"uv":[2,7.5,2.5,8.5],"texture":"#1"},"west":{"uv":[7.5,2,8,3],"texture":"#1"},"up":{"uv":[4,13.5,3.5,13],"texture":"#1"},"down":{"uv":[13.5,3.5,13,4],"texture":"#1"}}},{"from":[7.5,19.75,7.6875],"to":[7.9875,21.3125,7.925],"rotation":{"angle":0,"axis":"y","origin":[7.74375,12.1875,6.74375]},"faces":{"north":{"uv":[2.5,7.5,3,8.5],"texture":"#1"},"east":{"uv":[3,7.5,3.5,8.5],"texture":"#1"},"south":{"uv":[7.5,3,8,4],"texture":"#1"},"west":{"uv":[3.5,7.5,4,8.5],"texture":"#1"},"up":{"uv":[4.5,13.5,4,13],"texture":"#1"},"down":{"uv":[13.5,4,13,4.5],"texture":"#1"}}},{"from":[7.5,19.75,7.9375],"to":[7.9875,21.5,8.175],"rotation":{"angle":0,"axis":"y","origin":[7.74375,12.1875,6.74375]},"faces":{"north":{"uv":[7.5,4,8,5],"texture":"#1"},"east":{"uv":[7.5,5,8,6],"texture":"#1"},"south":{"uv":[7.5,6,8,7],"texture":"#1"},"west":{"uv":[7.5,7,8,8],"texture":"#1"},"up":{"uv":[5,13.5,4.5,13],"texture":"#1"},"down":{"uv":[13.5,4.5,13,5],"texture":"#1"}}},{"from":[7.5,19.75,8.1875],"to":[7.9875,21.625,8.4875],"rotation":{"angle":0,"axis":"y","origin":[7.74375,12.1875,6.74375]},"faces":{"north":{"uv":[8,0,8.5,1],"texture":"#1"},"east":{"uv":[8,1,8.5,2],"texture":"#1"},"south":{"uv":[8,2,8.5,3],"texture":"#1"},"west":{"uv":[8,3,8.5,4],"texture":"#1"},"up":{"uv":[5.5,13.5,5,13],"texture":"#1"},"down":{"uv":[13.5,5,13,5.5],"texture":"#1"}}},{"from":[7.625,19.75,7.4375],"to":[7.8625,21,7.7375],"rotation":{"angle":0,"axis":"y","origin":[7.74375,12.1875,6.74375]},"faces":{"north":{"uv":[5.5,13,6,13.5],"texture":"#1"},"east":{"uv":[13,5.5,13.5,6],"texture":"#1"},"south":{"uv":[6,13,6.5,13.5],"texture":"#1"},"west":{"uv":[13,6,13.5,6.5],"texture":"#1"},"up":{"uv":[7,13.5,6.5,13],"texture":"#1"},"down":{"uv":[13.5,6.5,13,7],"texture":"#1"}}},{"from":[7.25,-15,6.625],"to":[8.25,-14,7.625],"faces":{"north":{"uv":[7,13,7.5,13.5],"texture":"#1"},"east":{"uv":[13,7,13.5,7.5],"texture":"#1"},"south":{"uv":[7.5,13,8,13.5],"texture":"#1"},"west":{"uv":[13,7.5,13.5,8],"texture":"#1"},"up":{"uv":[8.5,13.5,8,13],"texture":"#1"},"down":{"uv":[13.5,8,13,8.5],"texture":"#1"}}},{"from":[7.375,-14.3125,6.1875],"to":[8.125,-13.6125,6.7875],"faces":{"north":{"uv":[8.5,13,9,13.5],"texture":"#1"},"east":{"uv":[13,8.5,13.5,9],"texture":"#1"},"south":{"uv":[9,13,9.5,13.5],"texture":"#1"},"west":{"uv":[13,9,13.5,9.5],"texture":"#1"},"up":{"uv":[10,13.5,9.5,13],"texture":"#1"},"down":{"uv":[13.5,9.5,13,10],"texture":"#1"}}},{"from":[7.5,-13.9375,5.625],"to":[8,-13.3875,6.25],"faces":{"north":{"uv":[10,13,10.5,13.5],"texture":"#1"},"east":{"uv":[13,10,13.5,10.5],"texture":"#1"},"south":{"uv":[10.5,13,11,13.5],"texture":"#1"},"west":{"uv":[13,10.5,13.5,11],"texture":"#1"},"up":{"uv":[11.5,13.5,11,13],"texture":"#1"},"down":{"uv":[13.5,11,13,11.5],"texture":"#1"}}},{"from":[7.5625,-12.125,4.875],"to":[7.9375,-11.625,5.8125],"rotation":{"angle":45,"axis":"x","origin":[7.775,-12.875,3.775]},"faces":{"north":{"uv":[11.5,13,12,13.5],"texture":"#1"},"east":{"uv":[13,11.5,13.5,12],"texture":"#1"},"south":{"uv":[12,13,12.5,13.5],"texture":"#1"},"west":{"uv":[13,12,13.5,12.5],"texture":"#1"},"up":{"uv":[13,13.5,12.5,13],"texture":"#1"},"down":{"uv":[13.5,12.5,13,13],"texture":"#1"}}}],"display":{"thirdperson_righthand":{"translation":[-0.25,20.75,2],"scale":[1.2,1.2,1.2]},"thirdperson_lefthand":{"translation":[-0.75,16.5,1.75]},"firstperson_righthand":{"translation":[4.25,15.75,0]},"firstperson_lefthand":{"translation":[4,15.75,0]},"ground":{"translation":[0,21.25,0]},"gui":{"rotation":[-55.38,-43.1,115.3],"translation":[-1.75,-2,0],"scale":[0.6,0.6,0.6]},"head":{"rotation":[90,57.5,90],"translation":[-1.25,-21.75,7.5],"scale":[1.8,1.8,1.8]},"fixed":{"translation":[0,12.25,-9],"scale":[2.5,2.5,2.5]}}}