{"credit":"Made with Blockbench","texture_size":[32,32],"textures":{"0":"zen_armas:machete","particle":"zen_armas:machete"},"elements":[{"from":[8,-3,7],"to":[9,2,9],"rotation":{"angle":0,"axis":"y","origin":[7,-2,7]},"faces":{"north":{"uv":[6,5,6.5,7.5],"texture":"#0"},"east":{"uv":[6,0,7,2.5],"texture":"#0"},"south":{"uv":[6.5,5,7,7.5],"texture":"#0"},"west":{"uv":[6,2.5,7,5],"texture":"#0"},"up":{"uv":[7.5,8,7,7],"texture":"#0"},"down":{"uv":[8,0,7.5,1],"texture":"#0"}}},{"from":[8,2,6.7],"to":[9,2.5,9],"rotation":{"angle":0,"axis":"y","origin":[7,-1,6.7]},"faces":{"north":{"uv":[7.5,6.5,8,6.75],"texture":"#0"},"east":{"uv":[7.5,4,8.75,4.25],"texture":"#0"},"south":{"uv":[7.5,7,8,7.25],"texture":"#0"},"west":{"uv":[7.5,4.5,8.75,4.75],"texture":"#0"},"up":{"uv":[7.5,1.25,7,0],"texture":"#0"},"down":{"uv":[7.5,1.5,7,2.75],"texture":"#0"}}},{"from":[8.5,2.5,3.7],"to":[8.5,26.5,9],"rotation":{"angle":0,"axis":"y","origin":[7,0,6.7]},"faces":{"north":{"uv":[0,0,0,12],"texture":"#0"},"east":{"uv":[0,0,2.75,12],"texture":"#0"},"south":{"uv":[0,0,0,12],"texture":"#0"},"west":{"uv":[3,0,5.75,12],"texture":"#0"},"up":{"uv":[0,2.75,0,0],"texture":"#0"},"down":{"uv":[0,0,0,2.75],"texture":"#0"}}},{"from":[8,-3.9,6.7],"to":[9,-3,9],"rotation":{"angle":0,"axis":"y","origin":[7,-6.5,6.7]},"faces":{"north":{"uv":[7.5,5,8,5.5],"texture":"#0"},"east":{"uv":[7,3,8.25,3.5],"texture":"#0"},"south":{"uv":[7.5,5.5,8,6],"texture":"#0"},"west":{"uv":[7,3.5,8.25,4],"texture":"#0"},"up":{"uv":[7.5,5.25,7,4],"texture":"#0"},"down":{"uv":[7.5,5.5,7,6.75],"texture":"#0"}}},{"from":[8,-4.4,6.8],"to":[9,-3.9,9],"rotation":{"angle":0,"axis":"y","origin":[7,-7.4,6.8]},"faces":{"north":{"uv":[7.5,7.5,8,7.75],"texture":"#0"},"east":{"uv":[6,7.5,7,7.75],"texture":"#0"},"south":{"uv":[8,0,8.5,0.25],"texture":"#0"},"west":{"uv":[7.5,6,8.5,6.25],"texture":"#0"},"up":{"uv":[8,2,7.5,1],"texture":"#0"},"down":{"uv":[8,2,7.5,3],"texture":"#0"}}}],"display":{"thirdperson_righthand":{"translation":[-0.5,6.75,1.5]},"thirdperson_lefthand":{"translation":[0.5,6.5,1.25]},"firstperson_righthand":{"translation":[4,0,0]},"firstperson_lefthand":{"translation":[5,0,0]},"ground":{"translation":[0,8,0]},"gui":{"rotation":[90,48,-90],"translation":[-1,-1.75,0],"scale":[0.7,0.7,0.7]},"head":{"rotation":[-70.54,-65.27,107.79],"translation":[-0.5,-14.5,8.75],"scale":[1.5,1.5,1.5]},"fixed":{"translation":[0,0,-1.25]}}}