{"credit":"Made with Blockbench","texture_size":[32,32],"textures":{"0":"zen_armas:espadanavidad1","particle":"zen_armas:espadanavidad1"},"elements":[{"from":[7.7,-3,7],"to":[7.9,7,8],"rotation":{"angle":0,"axis":"y","origin":[8,-5,8]},"faces":{"north":{"uv":[11.5,5,11.625,10],"texture":"#0"},"east":{"uv":[11,5,11.5,10],"texture":"#0"},"south":{"uv":[11.5,10,11.625,15],"texture":"#0"},"west":{"uv":[11,10,11.5,15],"texture":"#0"},"up":{"uv":[12.125,5.5,12,5],"texture":"#0"},"down":{"uv":[12.125,5.5,12,6],"texture":"#0"}}},{"from":[7.68,-5,4],"to":[7.92,0,11],"rotation":{"angle":0,"axis":"y","origin":[7.9,-7,8]},"faces":{"north":{"uv":[0,0,0,2.5],"texture":"#0"},"east":{"uv":[11,0,14.5,2.5],"texture":"#0"},"south":{"uv":[0,0,0,2.5],"texture":"#0"},"west":{"uv":[11,2.5,14.5,5],"texture":"#0"},"up":{"uv":[0,3.5,0,0],"texture":"#0"},"down":{"uv":[0,0,0,3.5],"texture":"#0"}}},{"from":[7.66,1.8,2],"to":[7.96,26.8,13],"rotation":{"angle":0,"axis":"y","origin":[7.4,14.3,7.5]},"faces":{"north":{"uv":[0,0,0,12.5],"texture":"#0"},"east":{"uv":[0,0,5.5,12.5],"texture":"#0"},"south":{"uv":[0,0,0,12.5],"texture":"#0"},"west":{"uv":[5.5,0,11,12.5],"texture":"#0"},"up":{"uv":[0,5.5,0,0],"texture":"#0"},"down":{"uv":[0,0,0,5.5],"texture":"#0"}}}],"display":{"thirdperson_righthand":{"translation":[0,6.25,1],"scale":[0.3,1.3,1.3]},"thirdperson_lefthand":{"translation":[0,6.25,1],"scale":[0.3,1.3,1.3]},"firstperson_righthand":{"translation":[3,0,0]},"firstperson_lefthand":{"translation":[2.75,0,0]},"ground":{"translation":[0,16.75,0],"scale":[0.5,1.5,1.5]},"gui":{"rotation":[90,47.75,-90],"translation":[-0.5,-0.75,0],"scale":[0,0.7,0.7]},"head":{"rotation":[-90.37,60.51,-89.57],"translation":[-1.25,-6,7.75],"scale":[0.5,2.3,2.3]},"fixed":{"rotation":[0,0,90],"translation":[2.75,0,-6],"scale":[0.5,1.5,1.5]}}}