{"credit":"Made by Magic-Store","texture_size":[128,128],"textures":{"0":"magicstore:furnitures/lunarfurniture_v2/lunarfurniture_v2_1","particle":"magicstore:furnitures/lunarfurniture_v2/lunarfurniture_v2_1"},"elements":[{"from":[7.5,-1,8],"to":[8.5,27,8],"rotation":{"angle":0,"axis":"y","origin":[8,1,8]},"faces":{"north":{"uv":[10.5,2.5,10.625,6],"texture":"#0"},"east":{"uv":[0,0,0,3.5],"texture":"#missing"},"south":{"uv":[10.5,2.5,10.625,6],"texture":"#0"},"west":{"uv":[0,0,0,3.5],"texture":"#missing"},"up":{"uv":[0,0,0.125,0],"texture":"#missing"},"down":{"uv":[0,0,0.125,0],"texture":"#missing"}}},{"from":[8,-1,7.5],"to":[8,27,8.5],"rotation":{"angle":0,"axis":"y","origin":[8,13,8]},"faces":{"north":{"uv":[0,0,0,3.5],"texture":"#missing"},"east":{"uv":[10.5,2.5,10.625,6],"texture":"#0"},"south":{"uv":[0,0,0,3.5],"texture":"#missing"},"west":{"uv":[10.5,2.5,10.625,6],"texture":"#0"},"up":{"uv":[0,0,0.125,0],"rotation":270,"texture":"#missing"},"down":{"uv":[0,0,0.125,0],"rotation":90,"texture":"#missing"}}},{"from":[6.5,15,5],"to":[9.5,22,8],"rotation":{"angle":22.5,"axis":"x","origin":[8,21.25,5.5]},"faces":{"north":{"uv":[11,1.25,11.375,2.125],"rotation":180,"texture":"#0"},"east":{"uv":[11,1.25,11.375,2.125],"rotation":180,"texture":"#0"},"south":{"uv":[11,1.25,11.375,2.125],"rotation":180,"texture":"#0"},"west":{"uv":[11,1.25,11.375,2.125],"rotation":180,"texture":"#0"},"up":{"uv":[10.75,2.5,11.125,2.875],"rotation":180,"texture":"#0"},"down":{"uv":[10.75,3,11.125,3.375],"rotation":180,"texture":"#0"}}},{"from":[7.5,22,6.5],"to":[8.5,26,6.5],"rotation":{"angle":22.5,"axis":"x","origin":[8,21.25,5.5]},"faces":{"north":{"uv":[11.25,1.5,11.375,2],"rotation":180,"texture":"#0"},"east":{"uv":[0,0,0,0.5],"texture":"#missing"},"south":{"uv":[11.25,1.5,11.375,2],"rotation":180,"texture":"#0"},"west":{"uv":[0,0,0,0.5],"texture":"#missing"},"up":{"uv":[0,0,0.125,0],"texture":"#missing"},"down":{"uv":[0,0,0.125,0],"texture":"#missing"}}},{"from":[4.08715,6.82386,6.75],"to":[7.08715,13.82386,9.75],"rotation":{"angle":-22.5,"axis":"z","origin":[8,11.36732,8]},"faces":{"north":{"uv":[11,1.25,11.375,2.125],"rotation":180,"texture":"#0"},"east":{"uv":[11,1.25,11.375,2.125],"rotation":180,"texture":"#0"},"south":{"uv":[11,1.25,11.375,2.125],"rotation":180,"texture":"#0"},"west":{"uv":[11,1.25,11.375,2.125],"rotation":180,"texture":"#0"},"up":{"uv":[10.75,2.5,11.125,2.875],"rotation":90,"texture":"#0"},"down":{"uv":[10.75,3,11.125,3.375],"rotation":270,"texture":"#0"}}},{"from":[5.58715,13.82386,7.75],"to":[5.58715,17.82386,8.75],"rotation":{"angle":-22.5,"axis":"z","origin":[8,11.36732,8]},"faces":{"north":{"uv":[0,0,0,0.5],"texture":"#missing"},"east":{"uv":[11.25,1.5,11.375,2],"rotation":180,"texture":"#0"},"south":{"uv":[0,0,0,0.5],"texture":"#missing"},"west":{"uv":[11.25,1.5,11.375,2],"rotation":180,"texture":"#0"},"up":{"uv":[0,0,0.125,0],"rotation":270,"texture":"#missing"},"down":{"uv":[0,0,0.125,0],"rotation":90,"texture":"#missing"}}},{"from":[7.5,6.82386,5.58715],"to":[8.5,10.82386,5.58715],"rotation":{"angle":22.5,"axis":"x","origin":[8,4.36732,8]},"faces":{"north":{"uv":[11.25,1.5,11.375,2],"rotation":180,"texture":"#0"},"east":{"uv":[0,0,0,0.5],"texture":"#missing"},"south":{"uv":[11.25,1.5,11.375,2],"rotation":180,"texture":"#0"},"west":{"uv":[0,0,0,0.5],"texture":"#missing"},"up":{"uv":[0,0,0.125,0],"texture":"#missing"},"down":{"uv":[0,0,0.125,0],"texture":"#missing"}}},{"from":[6.5,-0.17614,4.08715],"to":[9.5,6.82386,7.08715],"rotation":{"angle":22.5,"axis":"x","origin":[8,4.36732,8]},"faces":{"north":{"uv":[11,1.25,11.375,2.125],"rotation":180,"texture":"#0"},"east":{"uv":[11,1.25,11.375,2.125],"rotation":180,"texture":"#0"},"south":{"uv":[11,1.25,11.375,2.125],"rotation":180,"texture":"#0"},"west":{"uv":[11,1.25,11.375,2.125],"rotation":180,"texture":"#0"},"up":{"uv":[10.75,2.5,11.125,2.875],"rotation":180,"texture":"#0"},"down":{"uv":[10.75,3,11.125,3.375],"rotation":180,"texture":"#0"}}},{"from":[6.75,-6.17614,6.33715],"to":[9.75,0.82386,9.33715],"rotation":{"angle":0,"axis":"y","origin":[8,4.36732,8]},"faces":{"north":{"uv":[11,1.25,11.375,2.125],"rotation":180,"texture":"#0"},"east":{"uv":[11,1.25,11.375,2.125],"rotation":180,"texture":"#0"},"south":{"uv":[11,1.25,11.375,2.125],"rotation":180,"texture":"#0"},"west":{"uv":[11,1.25,11.375,2.125],"rotation":180,"texture":"#0"},"up":{"uv":[10.75,2.5,11.125,2.875],"rotation":180,"texture":"#0"},"down":{"uv":[10.75,3,11.125,3.375],"rotation":180,"texture":"#0"}}},{"from":[7.5,5.82386,1.08715],"to":[10.5,12.82386,4.08715],"rotation":{"angle":22.5,"axis":"x","origin":[8,4.36732,8]},"faces":{"north":{"uv":[11,1.25,11.375,2.125],"rotation":180,"texture":"#0"},"east":{"uv":[11,1.25,11.375,2.125],"rotation":180,"texture":"#0"},"south":{"uv":[11,1.25,11.375,2.125],"rotation":180,"texture":"#0"},"west":{"uv":[11,1.25,11.375,2.125],"rotation":180,"texture":"#0"},"up":{"uv":[10.75,2.5,11.125,2.875],"rotation":180,"texture":"#0"},"down":{"uv":[10.75,3,11.125,3.375],"rotation":180,"texture":"#0"}}},{"from":[8.5,12.82386,2.58715],"to":[9.5,16.82386,2.58715],"rotation":{"angle":22.5,"axis":"x","origin":[8,4.36732,8]},"faces":{"north":{"uv":[11.25,1.5,11.375,2],"rotation":180,"texture":"#0"},"east":{"uv":[0,0,0,0.5],"texture":"#missing"},"south":{"uv":[11.25,1.5,11.375,2],"rotation":180,"texture":"#0"},"west":{"uv":[0,0,0,0.5],"texture":"#missing"},"up":{"uv":[0,0,0.125,0],"texture":"#missing"},"down":{"uv":[0,0,0.125,0],"texture":"#missing"}}},{"from":[6.5,10,8],"to":[9.5,17,11],"rotation":{"angle":-22.5,"axis":"x","origin":[8,16.25,10.5]},"faces":{"north":{"uv":[11,1.25,11.375,2.125],"rotation":180,"texture":"#0"},"east":{"uv":[11,1.25,11.375,2.125],"rotation":180,"texture":"#0"},"south":{"uv":[11,1.25,11.375,2.125],"rotation":180,"texture":"#0"},"west":{"uv":[11,1.25,11.375,2.125],"rotation":180,"texture":"#0"},"up":{"uv":[10.75,2.5,11.125,2.875],"rotation":180,"texture":"#0"},"down":{"uv":[10.75,3,11.125,3.375],"rotation":180,"texture":"#0"}}},{"from":[7.5,17,9.5],"to":[8.5,21,9.5],"rotation":{"angle":-22.5,"axis":"x","origin":[8,16.25,10.5]},"faces":{"north":{"uv":[11.25,1.5,11.375,2],"rotation":180,"texture":"#0"},"east":{"uv":[0,0,0,0.5],"texture":"#missing"},"south":{"uv":[11.25,1.5,11.375,2],"rotation":180,"texture":"#0"},"west":{"uv":[0,0,0,0.5],"texture":"#missing"},"up":{"uv":[0,0,0.125,0],"texture":"#missing"},"down":{"uv":[0,0,0.125,0],"texture":"#missing"}}},{"from":[6.99944,2.20446,6.5],"to":[9.99944,9.20446,9.5],"rotation":{"angle":22.5,"axis":"z","origin":[8,11.36732,8]},"faces":{"north":{"uv":[11,1.25,11.375,2.125],"rotation":180,"texture":"#0"},"east":{"uv":[11,1.25,11.375,2.125],"rotation":180,"texture":"#0"},"south":{"uv":[11,1.25,11.375,2.125],"rotation":180,"texture":"#0"},"west":{"uv":[11,1.25,11.375,2.125],"rotation":180,"texture":"#0"},"up":{"uv":[10.75,2.5,11.125,2.875],"rotation":90,"texture":"#0"},"down":{"uv":[10.75,3,11.125,3.375],"rotation":270,"texture":"#0"}}},{"from":[8.49944,9.20446,7.5],"to":[8.49944,13.20446,8.5],"rotation":{"angle":22.5,"axis":"z","origin":[8,11.36732,8]},"faces":{"north":{"uv":[0,0,0,0.5],"texture":"#missing"},"east":{"uv":[11.25,1.5,11.375,2],"rotation":180,"texture":"#0"},"south":{"uv":[0,0,0,0.5],"texture":"#missing"},"west":{"uv":[11.25,1.5,11.375,2],"rotation":180,"texture":"#0"},"up":{"uv":[0,0,0.125,0],"rotation":270,"texture":"#missing"},"down":{"uv":[0,0,0.125,0],"rotation":90,"texture":"#missing"}}},{"from":[10.99944,10.20446,6.75],"to":[13.99944,17.20446,9.75],"rotation":{"angle":22.5,"axis":"z","origin":[8,11.36732,8]},"faces":{"north":{"uv":[11,1.25,11.375,2.125],"rotation":180,"texture":"#0"},"east":{"uv":[11,1.25,11.375,2.125],"rotation":180,"texture":"#0"},"south":{"uv":[11,1.25,11.375,2.125],"rotation":180,"texture":"#0"},"west":{"uv":[11,1.25,11.375,2.125],"rotation":180,"texture":"#0"},"up":{"uv":[10.75,2.5,11.125,2.875],"rotation":90,"texture":"#0"},"down":{"uv":[10.75,3,11.125,3.375],"rotation":270,"texture":"#0"}}},{"from":[11.99944,17.20446,8.25],"to":[12.99944,21.20446,8.25],"rotation":{"angle":22.5,"axis":"z","origin":[8,11.36732,8]},"faces":{"north":{"uv":[11.25,1.5,11.375,2],"rotation":180,"texture":"#0"},"east":{"uv":[0,0,0,0.5],"texture":"#missing"},"south":{"uv":[11.25,1.5,11.375,2],"rotation":180,"texture":"#0"},"west":{"uv":[0,0,0,0.5],"texture":"#missing"},"up":{"uv":[0,0,0.125,0],"rotation":180,"texture":"#missing"},"down":{"uv":[0,0,0.125,0],"rotation":180,"texture":"#missing"}}},{"from":[7.5,2.20446,8.49944],"to":[8.5,6.20446,8.49944],"rotation":{"angle":-22.5,"axis":"x","origin":[8,4.36732,8]},"faces":{"north":{"uv":[11.25,1.5,11.375,2],"rotation":180,"texture":"#0"},"east":{"uv":[0,0,0,0.5],"texture":"#missing"},"south":{"uv":[11.25,1.5,11.375,2],"rotation":180,"texture":"#0"},"west":{"uv":[0,0,0,0.5],"texture":"#missing"},"up":{"uv":[0,0,0.125,0],"texture":"#missing"},"down":{"uv":[0,0,0.125,0],"texture":"#missing"}}},{"from":[8.25,-4.79554,6.99944],"to":[11.25,2.20446,9.99944],"rotation":{"angle":-22.5,"axis":"x","origin":[8,4.36732,8]},"faces":{"north":{"uv":[11,1.25,11.375,2.125],"rotation":180,"texture":"#0"},"east":{"uv":[11,1.25,11.375,2.125],"rotation":180,"texture":"#0"},"south":{"uv":[11,1.25,11.375,2.125],"rotation":180,"texture":"#0"},"west":{"uv":[11,1.25,11.375,2.125],"rotation":180,"texture":"#0"},"up":{"uv":[10.75,2.5,11.125,2.875],"rotation":180,"texture":"#0"},"down":{"uv":[10.75,3,11.125,3.375],"rotation":180,"texture":"#0"}}},{"from":[7.5,1.20446,9.99944],"to":[10.5,8.20446,12.99944],"rotation":{"angle":-22.5,"axis":"x","origin":[8,4.36732,8]},"faces":{"north":{"uv":[11,1.25,11.375,2.125],"rotation":180,"texture":"#0"},"east":{"uv":[11,1.25,11.375,2.125],"rotation":180,"texture":"#0"},"south":{"uv":[11,1.25,11.375,2.125],"rotation":180,"texture":"#0"},"west":{"uv":[11,1.25,11.375,2.125],"rotation":180,"texture":"#0"},"up":{"uv":[10.75,2.5,11.125,2.875],"rotation":180,"texture":"#0"},"down":{"uv":[10.75,3,11.125,3.375],"rotation":180,"texture":"#0"}}},{"from":[8.5,8.20446,11.49944],"to":[9.5,12.20446,11.49944],"rotation":{"angle":-22.5,"axis":"x","origin":[8,4.36732,8]},"faces":{"north":{"uv":[11.25,1.5,11.375,2],"rotation":180,"texture":"#0"},"east":{"uv":[0,0,0,0.5],"texture":"#missing"},"south":{"uv":[11.25,1.5,11.375,2],"rotation":180,"texture":"#0"},"west":{"uv":[0,0,0,0.5],"texture":"#missing"},"up":{"uv":[0,0,0.125,0],"texture":"#missing"},"down":{"uv":[0,0,0.125,0],"texture":"#missing"}}},{"from":[4.99944,-2.79554,6.5],"to":[7.99944,4.20446,9.5],"rotation":{"angle":-22.5,"axis":"z","origin":[8,4.36732,8]},"faces":{"north":{"uv":[11,1.25,11.375,2.125],"rotation":180,"texture":"#0"},"east":{"uv":[11,1.25,11.375,2.125],"rotation":180,"texture":"#0"},"south":{"uv":[11,1.25,11.375,2.125],"rotation":180,"texture":"#0"},"west":{"uv":[11,1.25,11.375,2.125],"rotation":180,"texture":"#0"},"up":{"uv":[10.75,2.5,11.125,2.875],"rotation":90,"texture":"#0"},"down":{"uv":[10.75,3,11.125,3.375],"rotation":270,"texture":"#0"}}},{"from":[6.49944,4.20446,7.5],"to":[6.49944,8.20446,8.5],"rotation":{"angle":-22.5,"axis":"z","origin":[8,4.36732,8]},"faces":{"north":{"uv":[0,0,0,0.5],"texture":"#missing"},"east":{"uv":[11.25,1.5,11.375,2],"rotation":180,"texture":"#0"},"south":{"uv":[0,0,0,0.5],"texture":"#missing"},"west":{"uv":[11.25,1.5,11.375,2],"rotation":180,"texture":"#0"},"up":{"uv":[0,0,0.125,0],"rotation":270,"texture":"#missing"},"down":{"uv":[0,0,0.125,0],"rotation":90,"texture":"#missing"}}}],"display":{"thirdperson_righthand":{"rotation":[45,25,0],"translation":[0,3,1.5],"scale":[0.3,0.3,0.3]},"thirdperson_lefthand":{"rotation":[45,25,0],"translation":[0,3,1.5],"scale":[0.3,0.3,0.3]},"firstperson_righthand":{"rotation":[0,14,0],"translation":[2.25,2.5,0],"scale":[0.5,0.5,0.5]},"firstperson_lefthand":{"rotation":[0,14,0],"translation":[2.25,2.5,0],"scale":[0.5,0.5,0.5]},"ground":{"translation":[0,0.75,0],"scale":[0.3,0.3,0.3]},"gui":{"rotation":[30,135,0],"translation":[0.25,-0.75,0],"scale":[0.5,0.5,0.5]},"head":{"translation":[0,-48.5,0],"scale":[1.6,1.6,1.6]},"fixed":{"rotation":[-90,0,180],"translation":[0,0,-38],"scale":[2,2,2]}}}