{"credit":"Made by Magic-Store","textures":{"0":"magicstore:furnitures/lunarfurniture_v2/lunarfurniture_v2_1","particle":"magicstore:furnitures/lunarfurniture_v2/lunarfurniture_v2_1"},"elements":[{"from":[0,2,9],"to":[2,11,11],"faces":{"north":{"uv":[0.75,9.625,0.875,10.75],"texture":"#0"},"east":{"uv":[1,9.625,0.75,10.75],"texture":"#0"},"south":{"uv":[0.875,9.625,1,10.75],"texture":"#0"},"west":{"uv":[0.75,9.625,1,10.75],"texture":"#0"},"up":{"uv":[0.75,9.625,1,9.75],"rotation":90,"texture":"#0"},"down":{"uv":[1,10.625,0.75,10.75],"rotation":90,"texture":"#0"}}},{"from":[2,8,9.5],"to":[14,10,10.5],"faces":{"north":{"uv":[0.375,11.875,0.625,13.375],"rotation":90,"texture":"#0"},"south":{"uv":[0.375,11.875,0.625,13.375],"rotation":90,"texture":"#0"},"up":{"uv":[0.375,11.875,0.5,13.375],"rotation":90,"texture":"#0"},"down":{"uv":[0.5,11.875,0.625,13.375],"rotation":90,"texture":"#0"}}},{"from":[2,4,9.5],"to":[14,6,10.5],"faces":{"north":{"uv":[0.75,10.875,1,12.375],"rotation":90,"texture":"#0"},"south":{"uv":[0.75,10.875,1,12.375],"rotation":90,"texture":"#0"},"up":{"uv":[0.75,10.875,0.875,12.375],"rotation":90,"texture":"#0"},"down":{"uv":[0.875,10.875,1,12.375],"rotation":90,"texture":"#0"}}},{"from":[14.5,1.25,6.5],"to":[15.5,5.25,8.5],"rotation":{"angle":-45,"axis":"x","origin":[1.5,5,6]},"faces":{"north":{"uv":[0.875,8.75,1,9.25],"texture":"#0"},"east":{"uv":[0.75,8.75,1,9.25],"texture":"#0"},"south":{"uv":[0.75,8.75,0.875,9.25],"texture":"#0"},"west":{"uv":[1,8.75,0.75,9.25],"texture":"#0"},"up":{"uv":[1,8.875,0.75,8.75],"rotation":90,"texture":"#0"},"down":{"uv":[0.75,9.375,1,9.5],"rotation":90,"texture":"#0"}}},{"from":[0.5,1.25,6.5],"to":[1.5,5.25,8.5],"rotation":{"angle":-45,"axis":"x","origin":[1.5,5,6]},"faces":{"north":{"uv":[0.875,8.75,1,9.25],"texture":"#0"},"east":{"uv":[0.75,8.75,1,9.25],"texture":"#0"},"south":{"uv":[0.75,8.75,0.875,9.25],"texture":"#0"},"west":{"uv":[1,8.75,0.75,9.25],"texture":"#0"},"up":{"uv":[1,8.875,0.75,8.75],"rotation":90,"texture":"#0"},"down":{"uv":[0.75,9.375,1,9.5],"rotation":90,"texture":"#0"}}},{"from":[14,2,9],"to":[16,11,11],"faces":{"north":{"uv":[0.75,9.625,0.875,10.75],"texture":"#0"},"east":{"uv":[1,9.625,0.75,10.75],"texture":"#0"},"south":{"uv":[0.875,9.625,1,10.75],"texture":"#0"},"west":{"uv":[0.75,9.625,1,10.75],"texture":"#0"},"up":{"uv":[0.75,9.625,1,9.75],"rotation":90,"texture":"#0"},"down":{"uv":[1,10.625,0.75,10.75],"rotation":90,"texture":"#0"}}},{"from":[0,4.5,8.75],"to":[21,7.5,8.75],"faces":{"north":{"uv":[12,14.875,12.375,12.25],"rotation":90,"texture":"#0"},"east":{"uv":[0,0,0,3],"texture":"#missing"},"south":{"uv":[12,12.25,12.375,14.875],"rotation":90,"texture":"#0"},"west":{"uv":[0,0,0,3],"texture":"#missing"},"up":{"uv":[0,0,16,0],"texture":"#missing"},"down":{"uv":[0,0,16,0],"texture":"#missing"}}},{"from":[-2,4.5,6.75],"to":[0,8.5,10.75],"faces":{"north":{"uv":[11.5,12.75,11.25,13.25],"texture":"#0"},"east":{"uv":[11.75,13.375,11.25,13.875],"texture":"#0"},"south":{"uv":[11.25,12.75,11.5,13.25],"texture":"#0"},"west":{"uv":[11.25,14,11.75,14.5],"texture":"#0"},"up":{"uv":[11.25,12.75,11.5,13.25],"texture":"#0"},"down":{"uv":[11.25,13.25,11.5,12.75],"texture":"#0"}}},{"from":[-8,5.5,7.75],"to":[-2,7.5,9.75],"faces":{"north":{"uv":[11.875,13.25,11.625,12.5],"rotation":90,"texture":"#0"},"east":{"uv":[11.875,12.75,11.625,12.5],"rotation":90,"texture":"#0"},"south":{"uv":[11.625,12.5,11.875,13.25],"rotation":90,"texture":"#0"},"west":{"uv":[11.875,12.75,11.625,12.5],"rotation":90,"texture":"#0"},"up":{"uv":[11.625,12.5,11.875,13.25],"rotation":90,"texture":"#0"},"down":{"uv":[11.625,12.5,11.875,13.25],"rotation":90,"texture":"#0"}}}],"display":{"thirdperson_righthand":{"rotation":[45,25,0],"translation":[0,3,1.5],"scale":[0.3,0.3,0.3]},"thirdperson_lefthand":{"rotation":[45,25,0],"translation":[0,3,1.5],"scale":[0.3,0.3,0.3]},"firstperson_righthand":{"rotation":[0,14,0],"translation":[2.25,2.5,0],"scale":[0.5,0.5,0.5]},"firstperson_lefthand":{"rotation":[0,14,0],"translation":[2.25,2.5,0],"scale":[0.5,0.5,0.5]},"ground":{"translation":[0,0.75,0],"scale":[0.3,0.3,0.3]},"gui":{"rotation":[30,135,0],"translation":[-0.5,-1,0],"scale":[0.55,0.55,0.55]},"head":{"translation":[0,-33.5,-3],"scale":[1.6,1.6,1.6]},"fixed":{"translation":[0,1.5,-6],"scale":[2,2,2]}}}