{"credit":"Made with Blockbench","texture_size":[64,64],"textures":{"0":"discordia:navidadhat1","particle":"discordia:navidadhat1"},"elements":[{"from":[3,0,4],"to":[13,3,13],"rotation":{"angle":0,"axis":"z","origin":[7,0,7]},"faces":{"north":{"uv":[4.75,3,7.25,3.75],"texture":"#0"},"east":{"uv":[6.5,5.75,8.75,6.5],"texture":"#0"},"south":{"uv":[6,3.75,8.5,4.5],"texture":"#0"},"west":{"uv":[6.5,6.5,8.75,7.25],"texture":"#0"},"up":{"uv":[2.5,2.25,0,0],"texture":"#0"},"down":{"uv":[2.5,2.25,0,4.5],"texture":"#0"}}},{"from":[3.5,3,4.4],"to":[12.5,6,12.4],"rotation":{"angle":0,"axis":"z","origin":[7,0,7]},"faces":{"north":{"uv":[1.25,7.25,3.5,8],"texture":"#0"},"east":{"uv":[3.5,7.25,5.5,8],"texture":"#0"},"south":{"uv":[7.25,2.75,9.5,3.5],"texture":"#0"},"west":{"uv":[5.5,7.25,7.5,8],"texture":"#0"},"up":{"uv":[4.75,2,2.5,0],"texture":"#0"},"down":{"uv":[4.75,2,2.5,4],"texture":"#0"}}},{"from":[3.74965,2.86955,4.9],"to":[10.74965,8.56955,11.9],"rotation":{"angle":45,"axis":"z","origin":[7.84965,6.16955,8.4]},"faces":{"north":{"uv":[0,4.5,1.75,6],"texture":"#0"},"east":{"uv":[4.75,0,6.5,1.5],"texture":"#0"},"south":{"uv":[4.75,1.5,6.5,3],"texture":"#0"},"west":{"uv":[1.75,5.75,3.5,7.25],"texture":"#0"},"up":{"uv":[4.25,5.75,2.5,4],"texture":"#0"},"down":{"uv":[6,4,4.25,5.75],"texture":"#0"}}},{"from":[2.04003,3.07353,5.9],"to":[7.74003,9.07353,10.9],"rotation":{"angle":-22.5,"axis":"z","origin":[7.39003,5.07353,8.4]},"faces":{"north":{"uv":[3.5,5.75,5,7.25],"texture":"#0"},"east":{"uv":[0,6,1.25,7.5],"texture":"#0"},"south":{"uv":[5,5.75,6.5,7.25],"texture":"#0"},"west":{"uv":[6.5,0,7.75,1.5],"texture":"#0"},"up":{"uv":[7.5,5.75,6,4.5],"texture":"#0"},"down":{"uv":[8,1.5,6.5,2.75],"texture":"#0"}}},{"from":[0.28913,5.33681,6.9],"to":[4.98913,9.33681,9.9],"rotation":{"angle":22.5,"axis":"z","origin":[2.53913,6.83681,8.4]},"faces":{"north":{"uv":[0,7.5,1.25,8.5],"texture":"#0"},"east":{"uv":[4.5,8,5.25,9],"texture":"#0"},"south":{"uv":[7.5,4.5,8.75,5.5],"texture":"#0"},"west":{"uv":[5.25,8,6,9],"texture":"#0"},"up":{"uv":[9.25,1.75,8,1],"texture":"#0"},"down":{"uv":[2.5,8,1.25,8.75],"texture":"#0"}}},{"from":[-1.68146,3.08896,7.1],"to":[1.81854,6.58896,9.8],"rotation":{"angle":22.5,"axis":"z","origin":[0.06854,4.83896,8.45]},"faces":{"north":{"uv":[7.5,7.25,8.5,8.25],"texture":"#0"},"east":{"uv":[1.75,4.5,2.5,5.5],"texture":"#0"},"south":{"uv":[7.75,0,8.75,1],"texture":"#0"},"west":{"uv":[8,1.75,8.75,2.75],"texture":"#0"},"up":{"uv":[3.5,8.75,2.5,8],"texture":"#0"},"down":{"uv":[4.5,8,3.5,8.75],"texture":"#0"}}}],"display":{"thirdperson_righthand":{"rotation":[90,90,-90],"translation":[0,3.75,0],"scale":[0.5,0.5,0.5]},"thirdperson_lefthand":{"rotation":[-90,-90,-90],"translation":[0.25,3.75,0],"scale":[0.5,0.5,0.5]},"firstperson_righthand":{"translation":[0.25,5.5,0],"scale":[0.5,0.5,0.5]},"firstperson_lefthand":{"rotation":[0,180,0],"translation":[0.75,5.25,0.25],"scale":[0.5,0.5,0.5]},"ground":{"translation":[0,6.75,0]},"gui":{"rotation":[180,0,148.75],"translation":[-4,2.25,0]},"head":{"rotation":[16.5,90,0],"translation":[-1,15,4.5],"scale":[1.9,1.9,1.9]},"fixed":{"rotation":[0,90,-90],"translation":[0,0,-15.25],"scale":[2,2,2]}}}