{"credit":"magic_store_official","texture_size":[32,32],"textures":{"0":"magic_store:cosmetics/random_cosmetic_v1_behind/random_cosmetic_v1_behind_ice_cream","particle":"magic_store:cosmetics/random_cosmetic_v1_behind/random_cosmetic_v1_behind_ice_cream"},"elements":[{"from":[-9,2,9],"to":[1,4,11],"faces":{"north":{"uv":[10,9,5,10],"texture":"#0"},"east":{"uv":[10,9,11,10],"texture":"#0"},"south":{"uv":[5,9,10,10],"texture":"#0"},"west":{"uv":[10,10,11,11],"texture":"#0"},"up":{"uv":[5,10,10,9],"texture":"#0"},"down":{"uv":[5,10,10,9],"texture":"#0"}}},{"from":[0,0,7],"to":[16,6,13],"faces":{"north":{"uv":[8,3,0,6],"texture":"#0"},"east":{"uv":[8,3,11,6],"texture":"#0"},"south":{"uv":[0,3,8,6],"texture":"#0"},"west":{"uv":[8,6,11,9],"texture":"#0"},"up":{"uv":[8,9,0,6],"texture":"#0"},"down":{"uv":[16,0,8,3],"texture":"#0"}}}],"display":{"thirdperson_righthand":{"rotation":[49,36,0],"translation":[-0.5,3,0.5],"scale":[0.35,0.35,0.35]},"thirdperson_lefthand":{"rotation":[49,36,0],"translation":[-0.5,3,0.5],"scale":[0.35,0.35,0.35]},"ground":{"translation":[0,5.5,0],"scale":[0.4,0.4,0.4]},"gui":{"rotation":[25,46,45],"translation":[-1.5,4,0],"scale":[0.65,0.65,0.65]},"head":{"rotation":[0,0,-52.75],"translation":[7.5,-11.25,5],"scale":[1.5,1.5,1.5]},"fixed":{"rotation":[-90,0,0],"translation":[0,-3,-16],"scale":[2,2,2]}}}