{"credit":"MadewithBlockbench","textures":{"3":"zencraft:mochillis/mochila_uber_4","4":"zencraft:mochillis/mochila_uber_2","5":"zencraft:mochillis/mochila_uber_3","6":"zencraft:mochillis/mochila_uber_1","particle":"zencraft:mochillis/mochila_uber_1"},"elements":[{"from":[7,0,0],"to":[7.5,2.25,2.75],"faces":{"north":{"uv":[12,4,12.5,6],"texture":"#4"},"east":{"uv":[10,2,12.75,4],"texture":"#4"},"south":{"uv":[5,12,5.5,14],"texture":"#4"},"west":{"uv":[3,10,5.75,12],"texture":"#4"},"up":{"uv":[1.5,14.75,1,12],"texture":"#4"},"down":{"uv":[2.5,12,2,14.75],"texture":"#4"}}},{"from":[-0.5,0,0],"to":[0,2.25,2.75],"rotation":{"angle":0,"axis":"y","origin":[16,0,0]},"faces":{"north":{"uv":[12.5,4,12,6],"texture":"#4"},"east":{"uv":[5.75,10,3,12],"texture":"#4"},"south":{"uv":[5.5,12,5,14],"texture":"#4"},"west":{"uv":[12.75,2,10,4],"texture":"#4"},"up":{"uv":[1,14.75,1.5,12],"texture":"#4"},"down":{"uv":[2,12,2.5,14.75],"texture":"#4"}}},{"from":[1,0,4],"to":[6,3,5.25],"faces":{"north":{"uv":[0,0,5,3],"texture":"#4"},"east":{"uv":[10,4,11.25,7],"texture":"#4"},"south":{"uv":[0,3,5,6],"texture":"#4"},"west":{"uv":[6,10,7.25,13],"texture":"#4"},"up":{"uv":[5,9.25,0,8],"texture":"#4"},"down":{"uv":[10,8,5,9.25],"texture":"#4"}}},{"from":[1,6.75,2],"to":[6,8.25,4.25],"faces":{"north":{"uv":[0,6,5,7.25],"texture":"#4"},"east":{"uv":[10,7,12.25,8.25],"texture":"#4"},"south":{"uv":[5,6,10,7.25],"texture":"#4"},"west":{"uv":[8,10,10.25,11.25],"texture":"#4"},"up":{"uv":[10,2.25,5,0],"texture":"#4"},"down":{"uv":[10,3,5,5.25],"texture":"#4"}}},{"from":[0,0,0],"to":[7,8,3],"faces":{"north":{"uv":[0,0,3.5,4],"texture":"#3"},"east":{"uv":[6,4,7.5,8],"texture":"#3"},"south":{"uv":[3.5,0,7,4],"texture":"#3"},"west":{"uv":[7,0,8.5,4],"texture":"#3"},"up":{"uv":[11,5.5,7.5,4],"texture":"#3"},"down":{"uv":[11,5.5,7.5,7],"texture":"#3"}}},{"from":[0.4,0.1,3],"to":[6.6,7.6,4],"faces":{"north":{"uv":[0,0,6.25,7.5],"texture":"#6"},"east":{"uv":[0,8,1,15.5],"texture":"#6"},"south":{"uv":[7,0,13.25,7.5],"texture":"#6"},"west":{"uv":[1,8,2,15.5],"texture":"#6"},"up":{"uv":[8.25,9,2,8],"texture":"#6"},"down":{"uv":[8.25,9,2,10],"texture":"#6"}}},{"from":[0,1.5,-2.975],"to":[1,6.5,-1.975],"faces":{"north":{"uv":[0,0,1,5],"texture":"#5"},"east":{"uv":[1,0,2,5],"texture":"#5"},"south":{"uv":[2,0,3,5],"texture":"#5"},"west":{"uv":[3,0,4,5],"texture":"#5"},"up":{"uv":[8,3,7,2],"texture":"#5"},"down":{"uv":[8,3,7,4],"texture":"#5"}}},{"from":[0,0,-3],"to":[1,1.5,0],"faces":{"north":{"uv":[0,7,1,8.5],"texture":"#5"},"east":{"uv":[4,0,7,1.5],"texture":"#5"},"south":{"uv":[7,0,8,1.5],"texture":"#5"},"west":{"uv":[4,2,7,3.5],"texture":"#5"},"up":{"uv":[4,8,3,5],"texture":"#5"},"down":{"uv":[5,6,4,9],"texture":"#5"}}},{"from":[0,6.5,-3],"to":[1,8,0],"faces":{"north":{"uv":[1,7,2,8.5],"texture":"#5"},"east":{"uv":[4,4,7,5.5],"texture":"#5"},"south":{"uv":[2,7,3,8.5],"texture":"#5"},"west":{"uv":[0,5,3,6.5],"texture":"#5"},"up":{"uv":[6,9,5,6],"texture":"#5"},"down":{"uv":[7,6,6,9],"texture":"#5"}}},{"from":[6,1.5,-2.975],"to":[7,6.5,-1.975],"faces":{"north":{"uv":[0,0,1,5],"texture":"#5"},"east":{"uv":[1,0,2,5],"texture":"#5"},"south":{"uv":[2,0,3,5],"texture":"#5"},"west":{"uv":[3,0,4,5],"texture":"#5"},"up":{"uv":[8,3,7,2],"texture":"#5"},"down":{"uv":[8,3,7,4],"texture":"#5"}}},{"from":[6,0,-3],"to":[7,1.5,0],"faces":{"north":{"uv":[0,7,1,8.5],"texture":"#5"},"east":{"uv":[4,0,7,1.5],"texture":"#5"},"south":{"uv":[7,0,8,1.5],"texture":"#5"},"west":{"uv":[4,2,7,3.5],"texture":"#5"},"up":{"uv":[4,8,3,5],"texture":"#5"},"down":{"uv":[5,6,4,9],"texture":"#5"}}},{"from":[6,6.5,-3],"to":[7,8,0],"faces":{"north":{"uv":[1,7,2,8.5],"texture":"#5"},"east":{"uv":[4,4,7,5.5],"texture":"#5"},"south":{"uv":[2,7,3,8.5],"texture":"#5"},"west":{"uv":[0,5,3,6.5],"texture":"#5"},"up":{"uv":[6,9,5,6],"texture":"#5"},"down":{"uv":[7,6,6,9],"texture":"#5"}}}],"display":{"thirdperson_righthand":{"rotation":[66,0,0],"translation":[0.25,-15.75,19.25],"scale":[1.4,1.17,1.81]},"thirdperson_lefthand":{"rotation":[66,0,0],"translation":[-12.5,-15.75,19.25],"scale":[1.4,1.17,1.81]},"firstperson_righthand":{"rotation":[0,-76,-11],"translation":[0.75,5.5,2.75],"scale":[0.82,0.9,0.86]},"firstperson_lefthand":{"rotation":[0,-76,-11],"translation":[-6,8.5,1.75],"scale":[0.58,0.69,0.82]},"ground":{"translation":[3.75,10,8.75],"scale":[1.34,1.34,1.34]},"gui":{"rotation":[22,-27,1],"translation":[2,3,0],"scale":[1.64,1.77,1.25781]},"head":{"rotation":[-1,0,0],"translation":[9.5,-5,20.25],"scale":[2.17,1.85,2.23]},"fixed":{"rotation":[-90,0,0],"translation":[15.25,24.5,-27.75],"scale":[3.38,3.38,3.38]}}}