{"credit":"This model was made for a paying customer, you are not allowed to use it without a license. By Ligua using Block Bench","texture_size":[64,64],"textures":{"0":"cosmetics:hats/hoplita","particle":"cosmetics:hats/hoplita"},"elements":[{"from":[3.7,3.7,3.7],"to":[12.3,12.3,12.3],"rotation":{"angle":0,"axis":"y","origin":[4,4,4]},"faces":{"north":{"uv":[2,8.25,4,10.25],"texture":"#0"},"east":{"uv":[0,8.25,2,10.25],"texture":"#0"},"south":{"uv":[6,8.25,8,10.25],"texture":"#0"},"west":{"uv":[4,8.25,6,10.25],"texture":"#0"},"up":{"uv":[4,8.25,2,6.25],"texture":"#0"},"down":{"uv":[6,6.25,4,8.25],"texture":"#0"}}},{"from":[7,12,4],"to":[9,13,12],"rotation":{"angle":0,"axis":"y","origin":[4,4,4]},"faces":{"north":{"uv":[2,12.25,2.5,12.5],"texture":"#0"},"east":{"uv":[0,12.25,2,12.5],"texture":"#0"},"south":{"uv":[0,0,0,0],"texture":"#0"},"west":{"uv":[2.5,12.25,4.5,12.5],"texture":"#0"},"up":{"uv":[2.5,12.25,2,10.25],"texture":"#0"},"down":{"uv":[0,0,0,0],"texture":"#0"}}},{"from":[7.5,13,4],"to":[8.5,17,12],"rotation":{"angle":0,"axis":"y","origin":[4.5,4,4]},"faces":{"north":{"uv":[0,0,0,0],"texture":"#0"},"east":{"uv":[8,3,10,4],"texture":"#0"},"south":{"uv":[0,0,0,0],"texture":"#0"},"west":{"uv":[10,3,8,4],"texture":"#0"},"up":{"uv":[10.25,3,10,1],"texture":"#0"},"down":{"uv":[0,0,0,0],"texture":"#0"}}},{"from":[7.48,14.98,1.98],"to":[8.52,17.02,4.02],"rotation":{"angle":0,"axis":"y","origin":[4.5,4,4]},"faces":{"north":{"uv":[10.75,1.5,11,2],"texture":"#0"},"east":{"uv":[10.5,1.5,11,2],"texture":"#0"},"south":{"uv":[0,0,0,0],"texture":"#0"},"west":{"uv":[11,1.5,10.5,2],"texture":"#0"},"up":{"uv":[11.25,1.5,11,1],"texture":"#0"},"down":{"uv":[0,0,0,0],"texture":"#0"}}},{"from":[7.49,15.62604,10.35396],"to":[8.51,18.47447,13.20239],"rotation":{"angle":-45,"axis":"x","origin":[4.5,6.63604,10.36396]},"faces":{"north":{"uv":[9,1,9.25,1.75],"texture":"#0"},"east":{"uv":[9.25,1.75,10,2.5],"texture":"#0"},"south":{"uv":[0,0,0,0],"texture":"#0"},"west":{"uv":[10,1.75,9.25,2.5],"texture":"#0"},"up":{"uv":[0,0,0,0],"texture":"#0"},"down":{"uv":[0,0,0,0],"texture":"#0"}}},{"from":[7,4.29289,11.70711],"to":[9,12.29289,12.70711],"rotation":{"angle":0,"axis":"y","origin":[4,12.29289,3.70711]},"faces":{"north":{"uv":[0,0,0,0],"texture":"#0"},"east":{"uv":[5,10.5,5.25,12.5],"texture":"#0"},"south":{"uv":[6,10.5,6.5,12.5],"texture":"#0"},"west":{"uv":[5.75,10.5,6,12.5],"texture":"#0"},"up":{"uv":[0,0,0,0],"texture":"#0"},"down":{"uv":[6.25,10.25,5.75,10.5],"texture":"#0"}}},{"from":[7.5,4.29289,12.70711],"to":[8.5,14.29289,14.70711],"rotation":{"angle":0,"axis":"y","origin":[4.5,12.29289,3.70711]},"faces":{"north":{"uv":[0,0,0,0],"texture":"#0"},"east":{"uv":[12.5,1.5,13,4],"rotation":180,"texture":"#0"},"south":{"uv":[13.75,1.5,14,4],"texture":"#0"},"west":{"uv":[13,1.5,12.5,4],"rotation":180,"texture":"#0"},"up":{"uv":[0,0,0,0],"texture":"#0"},"down":{"uv":[13.5,1,13.25,1.5],"texture":"#0"}}},{"from":[7.48,21.27289,5.13076],"to":[8.52,24.14132,8.99918],"rotation":{"angle":45,"axis":"x","origin":[4.5,12.29289,-0.02082]},"faces":{"north":{"uv":[0,0,0,0],"texture":"#0"},"east":{"uv":[8,2.5,8.75,3],"texture":"#0"},"south":{"uv":[0,0,0,0],"texture":"#0"},"west":{"uv":[8.75,2.5,8,3],"texture":"#0"},"up":{"uv":[9,2.5,8.75,1.75],"texture":"#0"},"down":{"uv":[0,0,0,0],"texture":"#0"}}},{"from":[6.99,20.28289,7.96918],"to":[9.01,21.30289,8.98918],"rotation":{"angle":45,"axis":"x","origin":[4,12.29289,-0.02082]},"faces":{"north":{"uv":[0,0,0,0],"texture":"#0"},"east":{"uv":[3,12,3.25,12.25],"texture":"#0"},"south":{"uv":[0,0,0,0],"texture":"#0"},"west":{"uv":[3.75,12,4,12.25],"texture":"#0"},"up":{"uv":[3.75,12,3.25,11.75],"texture":"#0"},"down":{"uv":[0,0,0,0],"texture":"#0"}}}],"gui_light":"front","display":{"thirdperson_righthand":{"rotation":[75,45,0],"translation":[0,2.5,0],"scale":[0.375,0.375,0.375]},"thirdperson_lefthand":{"rotation":[75,45,0],"translation":[0,2.5,0],"scale":[0.375,0.375,0.375]},"firstperson_righthand":{"rotation":[0,45,0],"translation":[0,1.5,0],"scale":[0.4,0.4,0.4]},"firstperson_lefthand":{"rotation":[0,45,0],"translation":[0,1.5,0],"scale":[0.4,0.4,0.4]},"ground":{"translation":[0,1,0],"scale":[0.8,0.8,0.8]},"gui":{"rotation":[9.75,130.25,0],"translation":[0,-2.75,-2.75],"scale":[1.3,1.3,1.3]},"head":{"scale":[1.69,1.69,1.69]},"fixed":{"translation":[-1.25,-1.25,-11.25],"scale":[1.5,1.5,1.5]}}}