{"credit":"This model was made for a paying customer, you are not allowed to use it without a license. By Ligua using Block Bench","textures":{"0":"cosmetics:hats/redstone_lamp_hat","particle":"cosmetics:hats/redstone_lamp_hat"},"elements":[{"from":[4,4,4],"to":[12,12,12],"rotation":{"angle":0,"axis":"y","origin":[8,8,8]},"faces":{"north":{"uv":[0,0,8,8],"texture":"#0"},"east":{"uv":[0,0,8,8],"texture":"#0"},"south":{"uv":[0,0,8,8],"texture":"#0"},"west":{"uv":[0,0,8,8],"texture":"#0"},"up":{"uv":[0,0,8,8],"texture":"#0"},"down":{"uv":[0,0,8,8],"texture":"#0"}}},{"from":[0.8125,9,7.5],"to":[3.8125,10,8.5],"rotation":{"angle":-22.5,"axis":"z","origin":[1.8125,9.5,8]},"faces":{"north":{"uv":[11,0,8,0.9],"texture":"#0"},"east":{"uv":[12,0,11,0.9],"texture":"#0"},"south":{"uv":[11,0,8,0.9],"texture":"#0"},"west":{"uv":[12,0,11,0.9],"texture":"#0"},"up":{"uv":[11,0,8,0.9],"texture":"#0"},"down":{"uv":[11,0,8,0.9],"texture":"#0"}}},{"from":[0.8125,7,7.5],"to":[3.8125,8,8.5],"rotation":{"angle":22.5,"axis":"z","origin":[1.8125,7.5,8]},"faces":{"north":{"uv":[8,1,11,1.9],"texture":"#0"},"east":{"uv":[11,1,12,1.9],"texture":"#0"},"south":{"uv":[8,1,11,1.9],"texture":"#0"},"west":{"uv":[11,1,12,1.9],"texture":"#0"},"up":{"uv":[8,1,11,1.9],"texture":"#0"},"down":{"uv":[8,1,11,1.9],"texture":"#0"}}},{"from":[3,7,7],"to":[4,10,9],"rotation":{"angle":0,"axis":"y","origin":[8,8,8]},"faces":{"north":{"uv":[14,0,15,3],"texture":"#0"},"south":{"uv":[14,0,15,3],"texture":"#0"},"west":{"uv":[12,0,14,3],"texture":"#0"},"up":{"uv":[15,0,16,2],"texture":"#0"},"down":{"uv":[15,0,16,2],"texture":"#0"}}}],"gui_light":"front","display":{"thirdperson_righthand":{"rotation":[75,45,0],"translation":[0,2.5,0],"scale":[0.5,0.5,0.5]},"thirdperson_lefthand":{"rotation":[75,45,0],"translation":[0,2.5,0],"scale":[0.5,0.5,0.5]},"firstperson_righthand":{"rotation":[0,45,0],"scale":[0.6,0.6,0.6]},"firstperson_lefthand":{"rotation":[0,45,0],"scale":[0.6,0.6,0.6]},"gui":{"rotation":[0,-180,0],"translation":[0,-0.75,0],"scale":[1.6,1.6,1.6]},"head":{"scale":[1.9,1.9,1.9]},"fixed":{"translation":[0,0,-5.5],"scale":[1.5,1.5,1.5]}}}