{"parent":"minecraft:item/generated","textures":{"layer0":"minecraft:item/coal"},"overrides":[{"predicate":{"custom_model_data":5628},"model":"magicstore:furnitures/lunarfurniture_v2/lunarfurniture_v2_1"},{"predicate":{"custom_model_data":5629},"model":"magicstore:furnitures/lunarfurniture_v2/lunarfurniture_v2_10"},{"predicate":{"custom_model_data":5630},"model":"magicstore:furnitures/lunarfurniture_v2/lunarfurniture_v2_11"},{"predicate":{"custom_model_data":5631},"model":"magicstore:furnitures/lunarfurniture_v2/lunarfurniture_v2_12"},{"predicate":{"custom_model_data":5632},"model":"magicstore:furnitures/lunarfurniture_v2/lunarfurniture_v2_13"},{"predicate":{"custom_model_data":5633},"model":"magicstore:furnitures/lunarfurniture_v2/lunarfurniture_v2_14"},{"predicate":{"custom_model_data":5634},"model":"magicstore:furnitures/lunarfurniture_v2/lunarfurniture_v2_15"},{"predicate":{"custom_model_data":5635},"model":"magicstore:furnitures/lunarfurniture_v2/lunarfurniture_v2_16"},{"predicate":{"custom_model_data":5636},"model":"magicstore:furnitures/lunarfurniture_v2/lunarfurniture_v2_17"},{"predicate":{"custom_model_data":5637},"model":"magicstore:furnitures/lunarfurniture_v2/lunarfurniture_v2_18"},{"predicate":{"custom_model_data":5638},"model":"magicstore:furnitures/lunarfurniture_v2/lunarfurniture_v2_19"},{"predicate":{"custom_model_data":5639},"model":"magicstore:furnitures/lunarfurniture_v2/lunarfurniture_v2_2"},{"predicate":{"custom_model_data":5640},"model":"magicstore:furnitures/lunarfurniture_v2/lunarfurniture_v2_20"},{"predicate":{"custom_model_data":5641},"model":"magicstore:furnitures/lunarfurniture_v2/lunarfurniture_v2_21"},{"predicate":{"custom_model_data":5642},"model":"magicstore:furnitures/lunarfurniture_v2/lunarfurniture_v2_22"},{"predicate":{"custom_model_data":5643},"model":"magicstore:furnitures/lunarfurniture_v2/lunarfurniture_v2_23"},{"predicate":{"custom_model_data":5644},"model":"magicstore:furnitures/lunarfurniture_v2/lunarfurniture_v2_24"},{"predicate":{"custom_model_data":5645},"model":"magicstore:furnitures/lunarfurniture_v2/lunarfurniture_v2_25"},{"predicate":{"custom_model_data":5646},"model":"magicstore:furnitures/lunarfurniture_v2/lunarfurniture_v2_26"},{"predicate":{"custom_model_data":5647},"model":"magicstore:furnitures/lunarfurniture_v2/lunarfurniture_v2_27"},{"predicate":{"custom_model_data":5648},"model":"magicstore:furnitures/lunarfurniture_v2/lunarfurniture_v2_28"},{"predicate":{"custom_model_data":5649},"model":"magicstore:furnitures/lunarfurniture_v2/lunarfurniture_v2_29"},{"predicate":{"custom_model_data":5650},"model":"magicstore:furnitures/lunarfurniture_v2/lunarfurniture_v2_3"},{"predicate":{"custom_model_data":5651},"model":"magicstore:furnitures/lunarfurniture_v2/lunarfurniture_v2_30"},{"predicate":{"custom_model_data":5652},"model":"magicstore:furnitures/lunarfurniture_v2/lunarfurniture_v2_31"},{"predicate":{"custom_model_data":5653},"model":"magicstore:furnitures/lunarfurniture_v2/lunarfurniture_v2_32"},{"predicate":{"custom_model_data":5654},"model":"magicstore:furnitures/lunarfurniture_v2/lunarfurniture_v2_33"},{"predicate":{"custom_model_data":5655},"model":"magicstore:furnitures/lunarfurniture_v2/lunarfurniture_v2_34"},{"predicate":{"custom_model_data":5656},"model":"magicstore:furnitures/lunarfurniture_v2/lunarfurniture_v2_4"},{"predicate":{"custom_model_data":5657},"model":"magicstore:furnitures/lunarfurniture_v2/lunarfurniture_v2_5"},{"predicate":{"custom_model_data":5658},"model":"magicstore:furnitures/lunarfurniture_v2/lunarfurniture_v2_6"},{"predicate":{"custom_model_data":5659},"model":"magicstore:furnitures/lunarfurniture_v2/lunarfurniture_v2_7"},{"predicate":{"custom_model_data":5660},"model":"magicstore:furnitures/lunarfurniture_v2/lunarfurniture_v2_8"},{"predicate":{"custom_model_data":5661},"model":"magicstore:furnitures/lunarfurniture_v2/lunarfurniture_v2_9"},{"predicate":{"custom_model_data":5662},"model":"item/coal"}]}