{"parent":"minecraft:item/handheld","textures":{"layer0":"minecraft:item/diamond_axe"},"overrides":[{"predicate":{"custom_model_data":10005},"model":"jeqo:dragon_set/black/black_dragon_axe"},{"predicate":{"custom_model_data":10006},"model":"jeqo:dragon_set/blue/blue_dragon_axe"},{"predicate":{"custom_model_data":10007},"model":"jeqo:dragon_set/green/green_dragon_axe"},{"predicate":{"custom_model_data":10008},"model":"jeqo:dragon_set/orange/orange_dragon_axe"},{"predicate":{"custom_model_data":10009},"model":"jeqo:dragon_set/purple/purple_dragon_axe"},{"predicate":{"custom_model_data":10010},"model":"jeqo:dragon_set/red/red_dragon_axe"},{"predicate":{"custom_model_data":10011},"model":"item/diamond_axe"}]}