{"parent":"minecraft:item/handheld","textures":{"layer0":"minecraft:item/diamond_sword"},"overrides":[{"predicate":{"custom_model_data":10039},"model":"jeqo:dragon_set/black/black_dragon_sword"},{"predicate":{"custom_model_data":10040},"model":"jeqo:dragon_set/blue/blue_dragon_sword"},{"predicate":{"custom_model_data":10041},"model":"jeqo:dragon_set/green/green_dragon_sword"},{"predicate":{"custom_model_data":10042},"model":"jeqo:dragon_set/orange/orange_dragon_sword"},{"predicate":{"custom_model_data":10043},"model":"jeqo:dragon_set/purple/purple_dragon_sword"},{"predicate":{"custom_model_data":10044},"model":"jeqo:dragon_set/red/red_dragon_sword"},{"predicate":{"custom_model_data":10045},"model":"item/diamond_sword"}]}