{"parent":"item/generated","textures":{"layer0":"item/leather_leggings","layer1":"item/leather_leggings_overlay"},"overrides":[{"predicate":{"custom_model_data":10007},"model":"ender_dragon_set:ia_auto_gen/ender_leggings"},{"predicate":{"custom_model_data":10009},"model":"jeqo:ia_auto_gen/black_dragon_leggings"},{"predicate":{"custom_model_data":10010},"model":"jeqo:ia_auto_gen/blue_dragon_leggings"},{"predicate":{"custom_model_data":10011},"model":"jeqo:ia_auto_gen/green_dragon_leggings"},{"predicate":{"custom_model_data":10012},"model":"jeqo:ia_auto_gen/orange_dragon_leggings"},{"predicate":{"custom_model_data":10013},"model":"jeqo:ia_auto_gen/purple_dragon_leggings"},{"predicate":{"custom_model_data":10014},"model":"jeqo:ia_auto_gen/red_dragon_leggings"},{"predicate":{"custom_model_data":10015},"model":"item/leather_leggings"}]}