{"parent":"minecraft:item/handheld","textures":{"layer0":"minecraft:item/netherite_shovel"},"overrides":[{"predicate":{"custom_model_data":1150},"model":"zen_armas:zen_armas/paladiscordia"},{"predicate":{"custom_model_data":10003},"model":"akaleaf_discord_nitro:item/discord_nitro_shovel"},{"predicate":{"custom_model_data":10004},"model":"valentinesweapon:valentines_animated_weapon_and_tool_set_v1/shovel"},{"predicate":{"custom_model_data":10005},"model":"zen_armas:purpleworldset/purpleworld_shovel"},{"predicate":{"custom_model_data":10006},"model":"reddragonset:shovel"},{"predicate":{"custom_model_data":99999},"model":"zen_armas:zen_armas/abyshovel"},{"predicate":{"custom_model_data":100000},"model":"item/netherite_shovel"}]}