{"parent":"minecraft:item/handheld","textures":{"layer0":"minecraft:item/netherite_sword"},"overrides":[{"predicate":{"custom_model_data":7777},"model":"zen_armas:zen_armas/katana1"},{"predicate":{"custom_model_data":8888},"model":"zen_armas:zen_armas/katana2"},{"predicate":{"custom_model_data":10011},"model":"akaleaf_discord_nitro:item/discord_nitro_sword"},{"predicate":{"custom_model_data":10012},"model":"zen_armas:zenarmas2/nocsy_dragon_sword"},{"predicate":{"custom_model_data":10013},"model":"valentinesweapon:valentines_animated_weapon_and_tool_set_v1/hammer"},{"predicate":{"custom_model_data":10018},"model":"zen_armas:zen_armas/meliodas"},{"predicate":{"custom_model_data":10019},"model":"ender_dragon_set:ia_auto_gen/ender_sword"},{"predicate":{"custom_model_data":10019},"model":"ender_dragon_set:ia_auto_gen/ender_pickaxe"},{"predicate":{"custom_model_data":10019},"model":"ender_dragon_set:ia_auto_gen/ender_axe"},{"predicate":{"custom_model_data":10019},"model":"ender_dragon_set:ia_auto_gen/ender_shovel"},{"predicate":{"custom_model_data":10019},"model":"ender_dragon_set:ia_auto_gen/ender_hoe"},{"predicate":{"custom_model_data":10026},"model":"zen_armas:zenarmas2/guts"},{"predicate":{"custom_model_data":10029},"model":"zen_armas:zenarmas2/katana"},{"predicate":{"custom_model_data":10030},"model":"zen_armas:zen_armas/guadanadiscordia"},{"predicate":{"custom_model_data":10035},"model":"zen_armas:zen_armas/katanadiscordia"},{"predicate":{"custom_model_data":10038},"model":"zen_armas:zen_armas/black1"},{"predicate":{"custom_model_data":10039},"model":"zen_armas:zen_armas/rengoku"},{"predicate":{"custom_model_data":10040},"model":"zen_armas:zen_armas/yamikatana"},{"predicate":{"custom_model_data":10050},"model":"zen_armas:zenarmas2/sword"},{"predicate":{"custom_model_data":10055},"model":"zen_armas:zenarmas2/axe"},{"predicate":{"custom_model_data":10060},"model":"zen_armas:zenarmas2/scythe"},{"predicate":{"custom_model_data":10065},"model":"zen_armas:zenarmas2/bigsword"},{"predicate":{"custom_model_data":10070},"model":"zen_armas:zenarmas2/club"},{"predicate":{"custom_model_data":10075},"model":"zen_armas:zenarmas2/dagger"},{"predicate":{"custom_model_data":10080},"model":"zen_armas:zenarmas2/gauntlet"},{"predicate":{"custom_model_data":10085},"model":"zen_armas:zenarmas2/halberd"},{"predicate":{"custom_model_data":10090},"model":"zen_armas:zenarmas2/japaaxe"},{"predicate":{"custom_model_data":10100},"model":"zen_armas:zenarmas2/japasword"},{"predicate":{"custom_model_data":10105},"model":"zen_armas:zenarmas2/knife"},{"predicate":{"custom_model_data":10110},"model":"zen_armas:zenarmas2/spear"},{"predicate":{"custom_model_data":10115},"model":"zen_armas:zenarmas2/dagablue"},{"predicate":{"custom_model_data":10120},"model":"zen_armas:zenarmas2/dagagris"},{"predicate":{"custom_model_data":10125},"model":"zen_armas:zenarmas2/dagalava"},{"predicate":{"custom_model_data":10130},"model":"zen_armas:zenarmas2/dagapink"},{"predicate":{"custom_model_data":10135},"model":"zen_armas:zenarmas2/dagapurple"},{"predicate":{"custom_model_data":10140},"model":"zen_armas:zenarmas2/dagarain"},{"predicate":{"custom_model_data":10145},"model":"zen_armas:zenarmas2/dagared"},{"predicate":{"custom_model_data":10150},"model":"zen_armas:zenarmas2/candycane"},{"predicate":{"custom_model_data":99999},"model":"zen_armas:zen_armas/abysword"},{"predicate":{"custom_model_data":100001},"model":"zen_armas:zen_armas/katanablood"},{"predicate":{"custom_model_data":100002},"model":"zen_armas:zen_armas/katanafire"},{"predicate":{"custom_model_data":100191},"model":"valentinesweapon:valentines_animated_weapon_and_tool_set_v1/spear"},{"predicate":{"custom_model_data":100192},"model":"valentinesweapon:valentines_animated_weapon_and_tool_set_v1/staff"},{"predicate":{"custom_model_data":100193},"model":"valentinesweapon:valentines_animated_weapon_and_tool_set_v1/sword"},{"predicate":{"custom_model_data":100194},"model":"zen_armas:purpleworldset/purpleworld_sword"},{"predicate":{"custom_model_data":100195},"model":"zen_armas:purpleworldset/purpleworld_dagger"},{"predicate":{"custom_model_data":100196},"model":"reddragonset:sword"},{"predicate":{"custom_model_data":1002010},"model":"zen_armas:zen_armas/daga_aniversario"},{"predicate":{"custom_model_data":1002011},"model":"zen_armas:zen_armas/deathscythe"},{"predicate":{"custom_model_data":1002012},"model":"zen_armas:zen_armas/guadananegra"},{"predicate":{"custom_model_data":1002013},"model":"zen_armas:zen_armas/guadanapurple"},{"predicate":{"custom_model_data":1002014},"model":"zen_armas:zen_armas/daga_aniversariosilver"},{"predicate":{"custom_model_data":1002015},"model":"zen_armas:zen_armas/pala"},{"predicate":{"custom_model_data":1002016},"model":"zen_armas:zen_armas/machete"},{"predicate":{"custom_model_data":1002017},"model":"zen_armas:zen_armas/crowbar"},{"predicate":{"custom_model_data":1002018},"model":"zen_armas:zen_armas/navidad_weapon1"},{"predicate":{"custom_model_data":1002019},"model":"zen_armas:zen_armas/guadananavidad24"},{"predicate":{"custom_model_data":1002020},"model":"zen_armas:zen_armas/daganavidena"},{"predicate":{"custom_model_data":1002021},"model":"item/netherite_sword"}]}