{"credit":"Made with Blockbench","textures":{"1":"reddragonset:bow","3":"reddragonset:fire","particle":"reddragonset:fire_buff"},"elements":[{"from":[10.97637,10.15593,7.1],"to":[12.47637,10.90593,8.9],"rotation":{"angle":0,"axis":"z","origin":[8,8,8]},"faces":{"north":{"uv":[2.66667,12.44444,2.22222,12.66667],"rotation":180,"texture":"#1"},"east":{"uv":[7.22222,11.55556,6.66667,11.77778],"rotation":180,"texture":"#1"},"south":{"uv":[3.11111,12.44444,2.66667,12.66667],"rotation":180,"texture":"#1"},"west":{"uv":[8.11111,11.55556,7.55556,11.77778],"rotation":180,"texture":"#1"},"up":{"uv":[10.22222,10.22222,10.66667,10.77778],"rotation":180,"texture":"#1"},"down":{"uv":[9.77778,10.77778,10.22222,10.22222],"rotation":180,"texture":"#1"}}},{"from":[4.6032,15.3027,6.875],"to":[7.3032,18.0027,9.125],"rotation":{"angle":-22.5,"axis":"z","origin":[8,8,8]},"faces":{"north":{"uv":[1.77778,11,2.55556,10.22222],"rotation":270,"texture":"#1"},"east":{"uv":[7,10.88889,6.22222,10.22222],"rotation":90,"texture":"#1"},"south":{"uv":[2.66667,11,3.44444,10.22222],"rotation":90,"texture":"#1"},"west":{"uv":[6.11111,10.22222,5.33333,10.88889],"rotation":90,"texture":"#1"},"up":{"uv":[4.44444,11,5.11111,10.22222],"rotation":90,"texture":"#1"},"down":{"uv":[3.55556,11,4.22222,10.22222],"rotation":90,"texture":"#1"}}},{"from":[11.00137,11.58093,7.175],"to":[12.65137,13.23093,8.825],"rotation":{"angle":0,"axis":"z","origin":[8,8,8]},"faces":{"north":{"uv":[11.11111,10.22222,10.66667,10.66667],"rotation":180,"texture":"#1"},"east":{"uv":[11.11111,10.66667,10.66667,11.11111],"rotation":180,"texture":"#1"},"south":{"uv":[2.22222,11.11111,1.77778,11.55556],"rotation":180,"texture":"#1"},"west":{"uv":[2.66667,11.11111,2.22222,11.55556],"rotation":180,"texture":"#1"},"up":{"uv":[3.11111,11.11111,3.55556,11.55556],"rotation":180,"texture":"#1"},"down":{"uv":[2.66667,11.55556,3.11111,11.11111],"rotation":180,"texture":"#1"}}},{"from":[7.05506,13.90083,7.175],"to":[8.70506,15.55083,8.825],"rotation":{"angle":-22.5,"axis":"z","origin":[8,8,8]},"faces":{"north":{"uv":[3.55556,11.55556,4,11.11111],"rotation":90,"texture":"#1"},"east":{"uv":[5.77778,11.11111,5.33333,11.55556],"rotation":270,"texture":"#1"},"south":{"uv":[4.44444,11.55556,4.88889,11.11111],"rotation":270,"texture":"#1"},"west":{"uv":[6.22222,11.55556,5.77778,11.11111],"rotation":270,"texture":"#1"},"up":{"uv":[4,11.55556,4.44444,11.11111],"rotation":270,"texture":"#1"},"down":{"uv":[4.88889,11.55556,5.33333,11.11111],"rotation":270,"texture":"#1"}}},{"from":[-3.62614,-9.98968,8],"to":[19.62386,24.51032,8],"rotation":{"angle":-22.5,"axis":"z","origin":[8,8,8]},"faces":{"north":{"uv":[6.88889,0,0,10.22222],"texture":"#1"},"east":{"uv":[0,0,0,10.22222],"texture":"#1"},"south":{"uv":[0,0,6.88889,10.22222],"texture":"#1"},"west":{"uv":[0,0,0,10.22222],"texture":"#1"},"up":{"uv":[0,0,6.88889,0],"texture":"#1"},"down":{"uv":[0,0,6.88889,0],"texture":"#1"}}},{"from":[4.67663,13.62227,7.475],"to":[5.42663,15.49727,8.525],"rotation":{"angle":-22.5,"axis":"z","origin":[8,8,8]},"faces":{"north":{"uv":[8.66667,11.55556,8.44444,12.11111],"texture":"#1"},"east":{"uv":[2.11111,11.55556,1.77778,12.11111],"texture":"#1"},"south":{"uv":[9.11111,11.55556,8.88889,12.11111],"texture":"#1"},"west":{"uv":[11.44444,10.66667,11.11111,11.22222],"texture":"#1"},"up":{"uv":[8.44444,12.77778,8.66667,12.44444],"texture":"#1"},"down":{"uv":[8.88889,12.44444,9.11111,12.77778],"texture":"#1"}}},{"from":[11.87791,11.34007,7.625],"to":[12.62791,13.21507,8.375],"rotation":{"angle":45,"axis":"z","origin":[8,8,8]},"faces":{"north":{"uv":[9.55556,11.55556,9.33333,12.11111],"texture":"#1"},"east":{"uv":[11.77778,10.22222,11.55556,10.77778],"texture":"#1"},"south":{"uv":[10.44444,11.55556,10.22222,12.11111],"texture":"#1"},"west":{"uv":[10,11.55556,9.77778,12.11111],"texture":"#1"},"up":{"uv":[10.66667,12.66667,10.88889,12.44444],"texture":"#1"},"down":{"uv":[12.44444,10.66667,12.66667,10.88889],"texture":"#1"}}},{"from":[11.9782,8.71902,7.625],"to":[12.5782,10.59402,8.375],"rotation":{"angle":45,"axis":"z","origin":[8,8,8]},"faces":{"north":{"uv":[10.88889,11.55556,10.66667,12.11111],"rotation":180,"texture":"#1"},"east":{"uv":[11.33333,11.55556,11.11111,12.11111],"rotation":180,"texture":"#1"},"south":{"uv":[11.77778,11.11111,11.55556,11.66667],"rotation":180,"texture":"#1"},"west":{"uv":[5.11111,12,4.88889,12.55556],"rotation":180,"texture":"#1"},"up":{"uv":[12.44444,11.11111,12.66667,11.33333],"rotation":180,"texture":"#1"},"down":{"uv":[11.11111,12.66667,11.33333,12.44444],"rotation":180,"texture":"#1"}}},{"from":[6.04013,18.90028,7.175],"to":[7.46513,20.40028,8.825],"rotation":{"angle":-22.5,"axis":"z","origin":[8,8,8]},"faces":{"north":{"uv":[8.88889,11.11111,9.33333,11.55556],"texture":"#1"},"east":{"uv":[9.33333,11.11111,9.77778,11.55556],"texture":"#1"},"south":{"uv":[9.77778,11.11111,10.22222,11.55556],"texture":"#1"},"west":{"uv":[10.22222,11.11111,10.66667,11.55556],"texture":"#1"},"up":{"uv":[11.55556,10.66667,11.11111,10.22222],"texture":"#1"},"down":{"uv":[11.11111,11.11111,10.66667,11.55556],"texture":"#1"}}},{"from":[15.5608,13.40253,7.325],"to":[17.8108,14.15253,8.675],"rotation":{"angle":45,"axis":"z","origin":[8,8,8]},"faces":{"north":{"uv":[4.22222,12.22222,4,11.55556],"rotation":90,"texture":"#1"},"east":{"uv":[4,12.44444,4.22222,12.88889],"rotation":270,"texture":"#1"},"south":{"uv":[4.66667,12.22222,4.44444,11.55556],"rotation":270,"texture":"#1"},"west":{"uv":[4.44444,12.88889,4.66667,12.44444],"rotation":270,"texture":"#1"},"up":{"uv":[8.88889,10.88889,8.44444,10.22222],"rotation":270,"texture":"#1"},"down":{"uv":[8.44444,10.88889,8,10.22222],"rotation":270,"texture":"#1"}}},{"from":[7.10863,17.17927,7.475],"to":[8.98363,17.92927,8.525],"rotation":{"angle":-22.5,"axis":"z","origin":[8,8,8]},"faces":{"north":{"uv":[7.11111,12.55556,7.33333,12],"rotation":270,"texture":"#1"},"east":{"uv":[10,12.77778,9.77778,12.44444],"rotation":90,"texture":"#1"},"south":{"uv":[7.55556,12.55556,7.77778,12],"rotation":90,"texture":"#1"},"west":{"uv":[9.55556,12.44444,9.33333,12.77778],"rotation":90,"texture":"#1"},"up":{"uv":[2.66667,12.11111,3,11.55556],"rotation":90,"texture":"#1"},"down":{"uv":[2.22222,12.11111,2.55556,11.55556],"rotation":90,"texture":"#1"}}},{"from":[12.00311,14.91516,7.625],"to":[12.75311,16.79016,8.375],"rotation":{"angle":0,"axis":"z","origin":[8,8,8]},"faces":{"north":{"uv":[8.22222,12,8,12.55556],"texture":"#1"},"east":{"uv":[11.77778,12,11.55556,12.55556],"texture":"#1"},"south":{"uv":[12.22222,11.11111,12,11.66667],"texture":"#1"},"west":{"uv":[12.22222,10.22222,12,10.77778],"texture":"#1"},"up":{"uv":[12.44444,12.22222,12.66667,12],"texture":"#1"},"down":{"uv":[12.44444,12.44444,12.66667,12.66667],"texture":"#1"}}},{"from":[10.97637,5.09407,7.1],"to":[12.47637,5.84407,8.9],"rotation":{"angle":0,"axis":"z","origin":[8,8,8]},"faces":{"north":{"uv":[2.66667,12.66667,2.22222,12.44444],"rotation":180,"texture":"#1"},"east":{"uv":[7.22222,11.77778,6.66667,11.55556],"rotation":180,"texture":"#1"},"south":{"uv":[3.11111,12.66667,2.66667,12.44444],"rotation":180,"texture":"#1"},"west":{"uv":[8.11111,11.77778,7.55556,11.55556],"rotation":180,"texture":"#1"},"up":{"uv":[9.77778,10.22222,10.22222,10.77778],"rotation":180,"texture":"#1"},"down":{"uv":[10.22222,10.77778,10.66667,10.22222],"rotation":180,"texture":"#1"}}},{"from":[4.6032,-2.0027,6.875],"to":[7.3032,0.6973,9.125],"rotation":{"angle":22.5,"axis":"z","origin":[8,8,8]},"faces":{"north":{"uv":[2.55556,11,1.77778,10.22222],"rotation":270,"texture":"#1"},"east":{"uv":[6.22222,10.88889,7,10.22222],"rotation":90,"texture":"#1"},"south":{"uv":[3.44444,11,2.66667,10.22222],"rotation":90,"texture":"#1"},"west":{"uv":[5.33333,10.22222,6.11111,10.88889],"rotation":90,"texture":"#1"},"up":{"uv":[4.22222,11,3.55556,10.22222],"rotation":90,"texture":"#1"},"down":{"uv":[5.11111,11,4.44444,10.22222],"rotation":90,"texture":"#1"}}},{"from":[11.00137,2.76907,7.175],"to":[12.65137,4.41907,8.825],"rotation":{"angle":0,"axis":"z","origin":[8,8,8]},"faces":{"north":{"uv":[11.11111,10.66667,10.66667,10.22222],"rotation":180,"texture":"#1"},"east":{"uv":[11.11111,11.11111,10.66667,10.66667],"rotation":180,"texture":"#1"},"south":{"uv":[2.22222,11.55556,1.77778,11.11111],"rotation":180,"texture":"#1"},"west":{"uv":[2.66667,11.55556,2.22222,11.11111],"rotation":180,"texture":"#1"},"up":{"uv":[2.66667,11.11111,3.11111,11.55556],"rotation":180,"texture":"#1"},"down":{"uv":[3.11111,11.55556,3.55556,11.11111],"rotation":180,"texture":"#1"}}},{"from":[7.05506,0.44917,7.175],"to":[8.70506,2.09917,8.825],"rotation":{"angle":22.5,"axis":"z","origin":[8,8,8]},"faces":{"north":{"uv":[4,11.55556,3.55556,11.11111],"rotation":90,"texture":"#1"},"east":{"uv":[5.33333,11.11111,5.77778,11.55556],"rotation":270,"texture":"#1"},"south":{"uv":[4.88889,11.55556,4.44444,11.11111],"rotation":270,"texture":"#1"},"west":{"uv":[5.77778,11.55556,6.22222,11.11111],"rotation":270,"texture":"#1"},"up":{"uv":[5.33333,11.55556,4.88889,11.11111],"rotation":270,"texture":"#1"},"down":{"uv":[4.44444,11.55556,4,11.11111],"rotation":270,"texture":"#1"}}},{"from":[-3.62614,-8.51032,8],"to":[19.62386,25.98968,8],"rotation":{"angle":22.5,"axis":"z","origin":[8,8,8]},"faces":{"north":{"uv":[6.88889,10.22222,0,0],"texture":"#1"},"east":{"uv":[0,10.22222,0,0],"texture":"#1"},"south":{"uv":[0,10.22222,6.88889,0],"texture":"#1"},"west":{"uv":[0,10.22222,0,0],"texture":"#1"},"up":{"uv":[0,0,6.88889,0],"texture":"#1"},"down":{"uv":[0,0,6.88889,0],"texture":"#1"}}},{"from":[4.67663,0.50273,7.475],"to":[5.42663,2.37773,8.525],"rotation":{"angle":22.5,"axis":"z","origin":[8,8,8]},"faces":{"north":{"uv":[8.66667,12.11111,8.44444,11.55556],"texture":"#1"},"east":{"uv":[2.11111,12.11111,1.77778,11.55556],"texture":"#1"},"south":{"uv":[9.11111,12.11111,8.88889,11.55556],"texture":"#1"},"west":{"uv":[11.44444,11.22222,11.11111,10.66667],"texture":"#1"},"up":{"uv":[8.88889,12.77778,9.11111,12.44444],"texture":"#1"},"down":{"uv":[8.44444,12.44444,8.66667,12.77778],"texture":"#1"}}},{"from":[11.87791,2.78493,7.625],"to":[12.62791,4.65993,8.375],"rotation":{"angle":-45,"axis":"z","origin":[8,8,8]},"faces":{"north":{"uv":[9.55556,12.11111,9.33333,11.55556],"texture":"#1"},"east":{"uv":[11.77778,10.77778,11.55556,10.22222],"texture":"#1"},"south":{"uv":[10.44444,12.11111,10.22222,11.55556],"texture":"#1"},"west":{"uv":[10,12.11111,9.77778,11.55556],"texture":"#1"},"up":{"uv":[12.44444,10.88889,12.66667,10.66667],"texture":"#1"},"down":{"uv":[10.66667,12.44444,10.88889,12.66667],"texture":"#1"}}},{"from":[11.9782,5.40598,7.625],"to":[12.5782,7.28098,8.375],"rotation":{"angle":-45,"axis":"z","origin":[8,8,8]},"faces":{"north":{"uv":[10.88889,12.11111,10.66667,11.55556],"rotation":180,"texture":"#1"},"east":{"uv":[11.33333,12.11111,11.11111,11.55556],"rotation":180,"texture":"#1"},"south":{"uv":[11.77778,11.66667,11.55556,11.11111],"rotation":180,"texture":"#1"},"west":{"uv":[5.11111,12.55556,4.88889,12],"rotation":180,"texture":"#1"},"up":{"uv":[11.11111,12.44444,11.33333,12.66667],"rotation":180,"texture":"#1"},"down":{"uv":[12.44444,11.33333,12.66667,11.11111],"rotation":180,"texture":"#1"}}},{"from":[6.04013,-4.40028,7.175],"to":[7.46513,-2.90028,8.825],"rotation":{"angle":22.5,"axis":"z","origin":[8,8,8]},"faces":{"north":{"uv":[8.88889,11.55556,9.33333,11.11111],"texture":"#1"},"east":{"uv":[9.33333,11.55556,9.77778,11.11111],"texture":"#1"},"south":{"uv":[9.77778,11.55556,10.22222,11.11111],"texture":"#1"},"west":{"uv":[10.22222,11.55556,10.66667,11.11111],"texture":"#1"},"up":{"uv":[11.11111,11.55556,10.66667,11.11111],"texture":"#1"},"down":{"uv":[11.55556,10.22222,11.11111,10.66667],"texture":"#1"}}},{"from":[15.5608,1.84747,7.325],"to":[17.8108,2.59747,8.675],"rotation":{"angle":-45,"axis":"z","origin":[8,8,8]},"faces":{"north":{"uv":[4,12.22222,4.22222,11.55556],"rotation":90,"texture":"#1"},"east":{"uv":[4.22222,12.44444,4,12.88889],"rotation":270,"texture":"#1"},"south":{"uv":[4.44444,12.22222,4.66667,11.55556],"rotation":270,"texture":"#1"},"west":{"uv":[4.66667,12.88889,4.44444,12.44444],"rotation":270,"texture":"#1"},"up":{"uv":[8,10.88889,8.44444,10.22222],"rotation":270,"texture":"#1"},"down":{"uv":[8.44444,10.88889,8.88889,10.22222],"rotation":270,"texture":"#1"}}},{"from":[7.10863,-1.92927,7.475],"to":[8.98363,-1.17927,8.525],"rotation":{"angle":22.5,"axis":"z","origin":[8,8,8]},"faces":{"north":{"uv":[7.33333,12.55556,7.11111,12],"rotation":270,"texture":"#1"},"east":{"uv":[9.77778,12.77778,10,12.44444],"rotation":90,"texture":"#1"},"south":{"uv":[7.77778,12.55556,7.55556,12],"rotation":90,"texture":"#1"},"west":{"uv":[9.33333,12.44444,9.55556,12.77778],"rotation":90,"texture":"#1"},"up":{"uv":[2.55556,12.11111,2.22222,11.55556],"rotation":90,"texture":"#1"},"down":{"uv":[3,12.11111,2.66667,11.55556],"rotation":90,"texture":"#1"}}},{"from":[12.00311,-0.79016,7.625],"to":[12.75311,1.08484,8.375],"rotation":{"angle":0,"axis":"z","origin":[8,8,8]},"faces":{"north":{"uv":[8.22222,12.55556,8,12],"texture":"#1"},"east":{"uv":[11.77778,12.55556,11.55556,12],"texture":"#1"},"south":{"uv":[12.22222,11.66667,12,11.11111],"texture":"#1"},"west":{"uv":[12.22222,10.77778,12,10.22222],"texture":"#1"},"up":{"uv":[12.44444,12.66667,12.66667,12.44444],"texture":"#1"},"down":{"uv":[12.44444,12,12.66667,12.22222],"texture":"#1"}}},{"from":[3.54689,-3.25,7.925],"to":[3.69689,8.25,8.075],"rotation":{"angle":0,"axis":"y","origin":[3.62189,-3,8]},"faces":{"north":{"uv":[13.11111,10.22222,12.88889,15.55556],"texture":"#1"},"east":{"uv":[13.11111,10.22222,12.88889,15.55556],"texture":"#1"},"south":{"uv":[13.11111,10.22222,12.88889,15.55556],"texture":"#1"},"west":{"uv":[13.11111,10.22222,12.88889,15.55556],"texture":"#1"},"up":{"uv":[12.88889,10.44444,13.11111,10.22222],"texture":"#1"},"down":{"uv":[12.88889,10.22222,13.11111,10.44444],"texture":"#1"}}},{"from":[3.54689,7.75,7.925],"to":[3.69689,19.25,8.075],"rotation":{"angle":0,"axis":"y","origin":[3.62189,19,8]},"faces":{"north":{"uv":[13.11111,10.22222,12.88889,15.55556],"texture":"#1"},"east":{"uv":[13.11111,10.22222,12.88889,15.55556],"texture":"#1"},"south":{"uv":[13.11111,10.22222,12.88889,15.55556],"texture":"#1"},"west":{"uv":[13.11111,10.22222,12.88889,15.55556],"texture":"#1"},"up":{"uv":[12.88889,10.44444,13.11111,10.22222],"texture":"#1"},"down":{"uv":[12.88889,10.22222,13.11111,10.44444],"texture":"#1"}}},{"from":[4.22769,14.5,7.75],"to":[11.22769,21.5,7.75],"rotation":{"angle":22.5,"axis":"z","origin":[7.72769,18,7.75]},"faces":{"north":{"uv":[0,0,16,16],"rotation":90,"texture":"#3"},"east":{"uv":[15.5,0,0,0],"rotation":270,"texture":"#3"},"west":{"uv":[15.5,0,0,0],"rotation":270,"texture":"#3"},"up":{"uv":[0,0,0,23],"rotation":270,"texture":"#3"},"down":{"uv":[0,0,0,23],"rotation":270,"texture":"#3"}}},{"from":[4.22769,-5.5,7.75],"to":[11.22769,1.5,7.75],"rotation":{"angle":-22.5,"axis":"z","origin":[7.72769,-2,7.75]},"faces":{"north":{"uv":[16,0,0,16],"rotation":90,"texture":"#3"},"east":{"uv":[0,0,15.5,0],"rotation":270,"texture":"#3"},"west":{"uv":[0,0,15.5,0],"rotation":270,"texture":"#3"},"up":{"uv":[0,0,0,23],"rotation":270,"texture":"#3"},"down":{"uv":[0,0,0,23],"rotation":270,"texture":"#3"}}},{"from":[4.22769,-5.5,8.25],"to":[11.22769,1.5,8.25],"rotation":{"angle":-22.5,"axis":"z","origin":[7.72769,-2,8.25]},"faces":{"east":{"uv":[0,0,15.5,0],"rotation":270,"texture":"#3"},"south":{"uv":[16,16,0,0],"rotation":90,"texture":"#3"},"west":{"uv":[0,0,15.5,0],"rotation":270,"texture":"#3"},"up":{"uv":[0,0,0,23],"rotation":270,"texture":"#3"},"down":{"uv":[0,0,0,23],"rotation":270,"texture":"#3"}}},{"from":[4.22769,14.5,8.25],"to":[11.22769,21.5,8.25],"rotation":{"angle":22.5,"axis":"z","origin":[7.72769,18,8.25]},"faces":{"east":{"uv":[15.5,0,0,0],"rotation":270,"texture":"#3"},"south":{"uv":[0,16,16,0],"rotation":90,"texture":"#3"},"west":{"uv":[15.5,0,0,0],"rotation":270,"texture":"#3"},"up":{"uv":[0,0,0,23],"rotation":270,"texture":"#3"},"down":{"uv":[0,0,0,23],"rotation":270,"texture":"#3"}}},{"from":[11.29689,-4.8,7.55],"to":[12.19689,13.2,8.45],"rotation":{"angle":0,"axis":"y","origin":[8,8,8]},"faces":{"north":{"uv":[0.22222,10.22222,0,15.55556],"texture":"#1"},"east":{"uv":[1.55556,10.22222,1.33333,15.55556],"texture":"#1"},"south":{"uv":[1.11111,10.22222,0.88889,15.55556],"texture":"#1"},"west":{"uv":[0.66667,10.22222,0.44444,15.55556],"texture":"#1"},"up":{"uv":[10.22222,12.66667,10.44444,12.44444],"texture":"#1"},"down":{"uv":[12.44444,10.22222,12.66667,10.44444],"texture":"#1"}}}],"gui_light":"front","display":{"thirdperson_righthand":{"rotation":[0,90,0],"translation":[0,-2,5.25]},"thirdperson_lefthand":{"rotation":[0,-90,0],"translation":[0,-2,5.25]},"firstperson_righthand":{"rotation":[176.3,76.32,-169.02],"translation":[6.5,3,-3.75],"scale":[1.3,1.3,1.3]},"firstperson_lefthand":{"rotation":[-180,-77.5,179.25],"translation":[6.5,3,-3.75],"scale":[1.17305,1.17305,1.17305]},"ground":{"rotation":[0,0,-26],"translation":[0,2,0],"scale":[0.51289,0.51289,0.51289]},"gui":{"rotation":[-180,0,140.5],"translation":[0,-0.25,0],"scale":[0.60039,0.60039,0.60039]},"head":{"scale":[0,0,0]},"fixed":{"translation":[-1.75,4,-2.54],"scale":[2.25195,2.25195,2.25195]}}}