{"credit":"Made with Blockbench","texture_size":[32,32],"textures":{"1":"zen_armas:betapink"},"elements":[{"from":[7.6,0.1,7.6],"to":[8.5,5,8.6],"faces":{"north":{"uv":[1,0,1.5,2.5],"texture":"#1"},"east":{"uv":[1.5,0,2,2.5],"texture":"#1"},"south":{"uv":[2,0,2.5,2.5],"texture":"#1"},"west":{"uv":[2.5,0,3,2.5],"texture":"#1"},"up":{"uv":[3.5,5.5,3,5],"texture":"#1"},"down":{"uv":[1.5,6,1,6.5],"texture":"#1"}}},{"from":[7.9,6,7.6],"to":[8.1,13.5,8.6],"faces":{"north":{"uv":[2,3,2.25,6.75],"texture":"#1"},"east":{"uv":[0,0,0.5,3.75],"texture":"#1"},"south":{"uv":[2.5,3,2.75,6.75],"texture":"#1"},"west":{"uv":[0.5,0,1,3.75],"texture":"#1"},"up":{"uv":[5.75,8.5,5.5,8],"texture":"#1"},"down":{"uv":[6.25,8,6,8.5],"texture":"#1"}}},{"from":[7.6,5.2,6.3],"to":[8.4,6,9.9],"faces":{"north":{"uv":[1.5,6,2,6.5],"texture":"#1"},"east":{"uv":[3,0.5,4.75,1],"texture":"#1"},"south":{"uv":[3,6,3.5,6.5],"texture":"#1"},"west":{"uv":[3,1,4.75,1.5],"texture":"#1"},"up":{"uv":[3.5,4.75,3,3],"texture":"#1"},"down":{"uv":[4,1.5,3.5,3.25],"texture":"#1"}}},{"from":[7.4,4.9,5.9],"to":[8.6,5.7,10.3],"faces":{"north":{"uv":[6,3,6.5,3.5],"texture":"#1"},"east":{"uv":[1,2.5,3.25,3],"texture":"#1"},"south":{"uv":[3.5,6,4,6.5],"texture":"#1"},"west":{"uv":[3,0,5.25,0.5],"texture":"#1"},"up":{"uv":[1.5,5.25,1,3],"texture":"#1"},"down":{"uv":[2,3,1.5,5.25],"texture":"#1"}}},{"from":[7.5,-0.63137,7.1],"to":[8.7,0.86863,8.6],"rotation":{"angle":45,"axis":"x","origin":[8,-0.13137,8]},"faces":{"north":{"uv":[3,1.5,3.5,2.25],"texture":"#1"},"east":{"uv":[3.5,3.5,4.25,4.25],"texture":"#1"},"south":{"uv":[5,0.5,5.5,1.25],"texture":"#1"},"west":{"uv":[0,4,0.75,4.75],"texture":"#1"},"up":{"uv":[5.5,2.25,5,1.5],"texture":"#1"},"down":{"uv":[5.5,2.5,5,3.25],"texture":"#1"}}},{"from":[7.3,3.66863,2.8],"to":[8.7,5.16863,4.3],"rotation":{"angle":45,"axis":"x","origin":[8,-0.13137,8]},"faces":{"north":{"uv":[4,1.5,4.75,2.25],"texture":"#1"},"east":{"uv":[4,2.5,4.75,3.25],"texture":"#1"},"south":{"uv":[3.5,4.5,4.25,5.25],"texture":"#1"},"west":{"uv":[4.5,3.5,5.25,4.25],"texture":"#1"},"up":{"uv":[5.25,5.25,4.5,4.5],"texture":"#1"},"down":{"uv":[0.75,5,0,5.75],"texture":"#1"}}},{"from":[7.2,3.96863,3.1],"to":[8.8,4.86863,4],"rotation":{"angle":45,"axis":"x","origin":[8,-0.13137,8]},"faces":{"north":{"uv":[5.5,0,6.25,0.5],"texture":"#1"},"east":{"uv":[6,3.5,6.5,4],"texture":"#1"},"south":{"uv":[5.5,0.5,6.25,1],"texture":"#1"},"west":{"uv":[4.5,6,5,6.5],"texture":"#1"},"up":{"uv":[1.75,6,1,5.5],"texture":"#1"},"down":{"uv":[6.25,1,5.5,1.5],"texture":"#1"}}},{"from":[7.4,-0.33137,7.4],"to":[8.8,0.56863,8.3],"rotation":{"angle":45,"axis":"x","origin":[8,-0.13137,8]},"faces":{"north":{"uv":[5.5,1.5,6.25,2],"texture":"#1"},"east":{"uv":[6,4.5,6.5,5],"texture":"#1"},"south":{"uv":[5.5,2,6.25,2.5],"texture":"#1"},"west":{"uv":[5,6,5.5,6.5],"texture":"#1"},"up":{"uv":[6.25,3,5.5,2.5],"texture":"#1"},"down":{"uv":[3.75,5.5,3,6],"texture":"#1"}}},{"from":[7.6,5.26863,1.7],"to":[8.4,6.26863,2.7],"rotation":{"angle":45,"axis":"x","origin":[8,-0.13137,8]},"faces":{"north":{"uv":[6,5,6.5,5.5],"texture":"#1"},"east":{"uv":[6,5.5,6.5,6],"texture":"#1"},"south":{"uv":[6,6,6.5,6.5],"texture":"#1"},"west":{"uv":[6.5,0,7,0.5],"texture":"#1"},"up":{"uv":[7,1,6.5,0.5],"texture":"#1"},"down":{"uv":[1.5,6.5,1,7],"texture":"#1"}}},{"from":[7.6,6.36863,0.6],"to":[8.4,7.36863,1.6],"rotation":{"angle":45,"axis":"x","origin":[8,-0.13137,8]},"faces":{"north":{"uv":[6.5,1,7,1.5],"texture":"#1"},"east":{"uv":[1.5,6.5,2,7],"texture":"#1"},"south":{"uv":[6.5,1.5,7,2],"texture":"#1"},"west":{"uv":[6.5,2,7,2.5],"texture":"#1"},"up":{"uv":[7,3,6.5,2.5],"texture":"#1"},"down":{"uv":[3.5,6.5,3,7],"texture":"#1"}}},{"from":[7.6,8.56863,-1.6],"to":[8.4,9.56863,-0.6],"rotation":{"angle":45,"axis":"x","origin":[8,-0.13137,8]},"faces":{"north":{"uv":[6.5,3,7,3.5],"texture":"#1"},"east":{"uv":[3.5,6.5,4,7],"texture":"#1"},"south":{"uv":[6.5,3.5,7,4],"texture":"#1"},"west":{"uv":[4,6.5,4.5,7],"texture":"#1"},"up":{"uv":[7,4.5,6.5,4],"texture":"#1"},"down":{"uv":[5,6.5,4.5,7],"texture":"#1"}}},{"from":[7.6,7.46863,-0.5],"to":[8.4,8.46863,0.5],"rotation":{"angle":45,"axis":"x","origin":[8,-0.13137,8]},"faces":{"north":{"uv":[6.5,4.5,7,5],"texture":"#1"},"east":{"uv":[5,6.5,5.5,7],"texture":"#1"},"south":{"uv":[6.5,5,7,5.5],"texture":"#1"},"west":{"uv":[5.5,6.5,6,7],"texture":"#1"},"up":{"uv":[7,6,6.5,5.5],"texture":"#1"},"down":{"uv":[6.5,6.5,6,7],"texture":"#1"}}},{"from":[7.7,8.46863,-2],"to":[8.3,9.96863,-0.9],"rotation":{"angle":45,"axis":"x","origin":[8,-0.13137,8]},"faces":{"north":{"uv":[5,7,5.25,7.75],"texture":"#1"},"east":{"uv":[5.5,3,6,3.75],"texture":"#1"},"south":{"uv":[7,5,7.25,5.75],"texture":"#1"},"west":{"uv":[4,5.5,4.5,6.25],"texture":"#1"},"up":{"uv":[8.25,6.5,8,6],"texture":"#1"},"down":{"uv":[6.75,8,6.5,8.5],"texture":"#1"}}},{"from":[7.7,8.86863,-2],"to":[8.3,9.96863,-0.5],"rotation":{"angle":45,"axis":"x","origin":[8,-0.13137,8]},"faces":{"north":{"uv":[8,6.5,8.25,7],"texture":"#1"},"east":{"uv":[5.5,4,6.25,4.5],"texture":"#1"},"south":{"uv":[7,8,7.25,8.5],"texture":"#1"},"west":{"uv":[4.5,5.5,5.25,6],"texture":"#1"},"up":{"uv":[5.75,7.75,5.5,7],"texture":"#1"},"down":{"uv":[6.25,7,6,7.75],"texture":"#1"}}},{"from":[7.8,7.46863,-1.6],"to":[8.2,8.76863,-0.9],"rotation":{"angle":45,"axis":"x","origin":[8,-0.13137,8]},"faces":{"north":{"uv":[7,6,7.25,6.75],"texture":"#1"},"east":{"uv":[6.5,7,6.75,7.75],"texture":"#1"},"south":{"uv":[7,7,7.25,7.75],"texture":"#1"},"west":{"uv":[7.5,0,7.75,0.75],"texture":"#1"},"up":{"uv":[8.25,7.75,8,7.5],"texture":"#1"},"down":{"uv":[8.25,8,8,8.25],"texture":"#1"}}},{"from":[7.8,11.78589,9.16421],"to":[8.2,13.08589,9.86421],"rotation":{"angle":-45,"axis":"x","origin":[8,11.53589,9.41421]},"faces":{"north":{"uv":[7.5,1,7.75,1.75],"texture":"#1"},"east":{"uv":[7.5,2,7.75,2.75],"texture":"#1"},"south":{"uv":[7.5,3,7.75,3.75],"texture":"#1"},"west":{"uv":[7.5,4,7.75,4.75],"texture":"#1"},"up":{"uv":[8.75,0.25,8.5,0],"texture":"#1"},"down":{"uv":[8.75,0.5,8.5,0.75],"texture":"#1"}}},{"from":[7.8,10.78589,9.16421],"to":[8.2,12.18589,9.86421],"rotation":{"angle":-45,"axis":"x","origin":[8,10.53589,9.41421]},"faces":{"north":{"uv":[7.5,5,7.75,5.75],"texture":"#1"},"east":{"uv":[7.5,6,7.75,6.75],"texture":"#1"},"south":{"uv":[7.5,7,7.75,7.75],"texture":"#1"},"west":{"uv":[0,8,0.25,8.75],"texture":"#1"},"up":{"uv":[8.75,1.25,8.5,1],"texture":"#1"},"down":{"uv":[8.75,1.5,8.5,1.75],"texture":"#1"}}},{"from":[7.8,6.46863,-1.6],"to":[8.2,8.56863,-0.9],"rotation":{"angle":45,"axis":"x","origin":[8,-1.13137,8]},"faces":{"north":{"uv":[6.5,6,6.75,7],"texture":"#1"},"east":{"uv":[0,7,0.25,8],"texture":"#1"},"south":{"uv":[7,0,7.25,1],"texture":"#1"},"west":{"uv":[0.5,7,0.75,8],"texture":"#1"},"up":{"uv":[8.75,2.25,8.5,2],"texture":"#1"},"down":{"uv":[8.75,2.5,8.5,2.75],"texture":"#1"}}},{"from":[7.8,9.78589,9.16421],"to":[8.2,11.18589,9.86421],"rotation":{"angle":-45,"axis":"x","origin":[8,9.53589,9.41421]},"faces":{"north":{"uv":[8,0,8.25,0.75],"texture":"#1"},"east":{"uv":[0.5,8,0.75,8.75],"texture":"#1"},"south":{"uv":[1,8,1.25,8.75],"texture":"#1"},"west":{"uv":[8,1,8.25,1.75],"texture":"#1"},"up":{"uv":[8.75,3.25,8.5,3],"texture":"#1"},"down":{"uv":[8.75,3.5,8.5,3.75],"texture":"#1"}}},{"from":[7.8,5.46863,-1.6],"to":[8.2,7.56863,-0.9],"rotation":{"angle":45,"axis":"x","origin":[8,-2.13137,8]},"faces":{"north":{"uv":[1,7,1.25,8],"texture":"#1"},"east":{"uv":[7,1,7.25,2],"texture":"#1"},"south":{"uv":[1.5,7,1.75,8],"texture":"#1"},"west":{"uv":[2,7,2.25,8],"texture":"#1"},"up":{"uv":[8.75,4.25,8.5,4],"texture":"#1"},"down":{"uv":[8.75,4.5,8.5,4.75],"texture":"#1"}}},{"from":[7.8,8.78589,9.16421],"to":[8.2,10.18589,9.86421],"rotation":{"angle":-45,"axis":"x","origin":[8,8.53589,9.41421]},"faces":{"north":{"uv":[1.5,8,1.75,8.75],"texture":"#1"},"east":{"uv":[2,8,2.25,8.75],"texture":"#1"},"south":{"uv":[8,2,8.25,2.75],"texture":"#1"},"west":{"uv":[2.5,8,2.75,8.75],"texture":"#1"},"up":{"uv":[8.75,5.25,8.5,5],"texture":"#1"},"down":{"uv":[5.75,8.5,5.5,8.75],"texture":"#1"}}},{"from":[7.8,4.46863,-1.6],"to":[8.2,6.56863,-0.9],"rotation":{"angle":45,"axis":"x","origin":[8,-3.13137,8]},"faces":{"north":{"uv":[7,2,7.25,3],"texture":"#1"},"east":{"uv":[2.5,7,2.75,8],"texture":"#1"},"south":{"uv":[3,7,3.25,8],"texture":"#1"},"west":{"uv":[7,3,7.25,4],"texture":"#1"},"up":{"uv":[8.75,5.75,8.5,5.5],"texture":"#1"},"down":{"uv":[6.25,8.5,6,8.75],"texture":"#1"}}},{"from":[7.8,7.78589,9.16421],"to":[8.2,9.18589,9.86421],"rotation":{"angle":-45,"axis":"x","origin":[8,7.53589,9.41421]},"faces":{"north":{"uv":[3,8,3.25,8.75],"texture":"#1"},"east":{"uv":[8,3,8.25,3.75],"texture":"#1"},"south":{"uv":[3.5,8,3.75,8.75],"texture":"#1"},"west":{"uv":[4,8,4.25,8.75],"texture":"#1"},"up":{"uv":[8.75,6.25,8.5,6],"texture":"#1"},"down":{"uv":[6.75,8.5,6.5,8.75],"texture":"#1"}}},{"from":[7.8,3.46863,-1.6],"to":[8.2,5.56863,-0.9],"rotation":{"angle":45,"axis":"x","origin":[8,-4.13137,8]},"faces":{"north":{"uv":[3.5,7,3.75,8],"texture":"#1"},"east":{"uv":[4,7,4.25,8],"texture":"#1"},"south":{"uv":[7,4,7.25,5],"texture":"#1"},"west":{"uv":[4.5,7,4.75,8],"texture":"#1"},"up":{"uv":[8.75,6.75,8.5,6.5],"texture":"#1"},"down":{"uv":[7.25,8.5,7,8.75],"texture":"#1"}}},{"from":[7.8,6.78589,9.16421],"to":[8.2,8.18589,9.86421],"rotation":{"angle":-45,"axis":"x","origin":[8,6.53589,9.41421]},"faces":{"north":{"uv":[8,4,8.25,4.75],"texture":"#1"},"east":{"uv":[4.5,8,4.75,8.75],"texture":"#1"},"south":{"uv":[5,8,5.25,8.75],"texture":"#1"},"west":{"uv":[8,5,8.25,5.75],"texture":"#1"},"up":{"uv":[8.75,7.25,8.5,7],"texture":"#1"},"down":{"uv":[7.75,8.5,7.5,8.75],"texture":"#1"}}},{"from":[7.8,2.46863,-1.6],"to":[8.2,4.56863,-0.9],"rotation":{"angle":45,"axis":"x","origin":[8,-5.13137,8]},"faces":{"north":{"uv":[5.5,4.5,5.75,5.5],"texture":"#1"},"east":{"uv":[5.5,5.5,5.75,6.5],"texture":"#1"},"south":{"uv":[0,6,0.25,7],"texture":"#1"},"west":{"uv":[0.5,6,0.75,7],"texture":"#1"},"up":{"uv":[8.25,7.25,8,7],"texture":"#1"},"down":{"uv":[7.75,8,7.5,8.25],"texture":"#1"}}}],"display":{"thirdperson_righthand":{"translation":[-0.5,4.5,1.75],"scale":[1.3,1.3,1.3]},"thirdperson_lefthand":{"translation":[-0.25,4.5,1.75],"scale":[1.3,1.3,1.3]},"firstperson_righthand":{"translation":[2.5,4.75,0]},"firstperson_lefthand":{"translation":[2.25,4.75,0]},"gui":{"rotation":[90,45,-90],"translation":[1.25,1.25,0],"scale":[1.3,1.3,1.3]},"head":{"rotation":[-90,-60.5,90],"translation":[0,-14.75,8.75],"scale":[2,2,2]},"fixed":{"rotation":[90,-45.5,-90],"translation":[0.75,-1.75,0],"scale":[1.5,1.5,1.5]}}}